,lib_code,lib_name,addr,lib_latitude,lib_longitude,address1,address2,lib_sign,api_lib_sign,tel,fax,homepage,operatingTime,closedOn,lib_type,lib_type_nm,establish,open_year,zipcode,lib_utmk_x,lib_utmk_y,first_loan_year,part_year,master_lib_code,lib_alias,code,locate_code,addr_old,lib_name_nl,lib_name_origin,main_lib,areacode1,areacode2,wd_area_code,행정동
60,100,성북정보도서관,서울특별시 성북구 화랑로18자길 13,37.604848600000004,127.050425,서울특별시,성북구,111044.0,111044.0,02-962-1081,02-962-5335,https://www.sblib.seoul.kr/,09:00~22:00,"매월 첫째주, 셋째주 월요일 / 일요일을 제외한 법정공휴일(단, 일요일이 공휴일일 경우 휴관), 도서관 사정에 의한 임시휴관일",1,공공,지자체,2002,02791,960317.557473464,1956253.61258943,2002.0,2015.0,100,정보,BR,1,서울특별시 성북구 상월곡동 24-348,성북정보도서관,성북정보도서관,Y,서울특별시,성북구,서울,월곡2동
61,101,해오름도서관,"서울특별시 성북구 성북로4길 52, 주차장 위 지상 2층",37.5941774,127.010608,서울특별시,성북구,111123.0,111123.0,02-6925-7002,02-6442-1081,https://www.sblib.seoul.kr/,"09~18시(평일, 주말 동일)",매주 월요일 / 주말을 제외한 법정공휴일 등,1,공공,지자체,2009,02831,956796.856208284,1955087.26371786,2009.0,2015.0,100,해오름,BT,1,서울특별시 성북구 돈암동 609-1,해오름어린이도서관,해오름어린이도서관,N,서울특별시,성북구,서울,돈암2동
62,102,아리랑도서관,서울특별시 성북구 아리랑로 82,37.599898700000004,127.013975,서울특별시,성북구,111048.0,111048.0,02-3291-4990,02-3291-4993,https://www.sblib.seoul.kr/arlib,"평일(월~금) 09:00~22:00, 주말(토~일) 09:00~18:00","매월 둘째주, 넷째주 월요일 / 일요일을 제외한 법정공휴일, 관장이 필요하다고 인정하는 날",1,공공,지자체,2004,02827,957097.379335884,1955720.47263245,2004.0,2015.0,100,아리랑,MA,1,서울특별시 성북구 돈암동 538-98,아리랑정보도서관,아리랑정보도서관,N,서울특별시,성북구,서울,돈암2동
64,104,석관동미리내도서관,서울특별시 성북구 한천로66길 203,37.613521999999996,127.06546000000002,서울특별시,성북구,111301.0,111301.0,02-960-5067,02-6442-6925,https://www.sblib.seoul.kr/,09:00~18:00(수요일:09:00~21:00),"매주 월요일 / 일요일을 제외한 법정공휴일(단 일요일이 공휴일인 경우 휴관), 기타 도서관장이 필요하다고 인정하는 경우",1,공공,지자체,2015,02781,961649.105883986,1957209.63938009,2015.0,2015.0,100,석관,MF,1,서울특별시 성북구 석관동 134-2,석관동 미리내도서관,석관미리내도서관,N,서울특별시,성북구,서울,석관동
65,105,정릉도서관,서울특별시 성북구 정릉로 242,37.60472070000001,127.010585,서울특별시,성북구,111380.0,111380.0,02-2038-9928,070-4324-5396,https://www.sblib.seoul.kr/,"평일 및 주말 09:00~18:00, 수요일 09:00~21:00",매주 월요일 / 법정공휴일,1,공공,지자체,2015,02814,956800.922258795,1956257.00662184,2015.0,2015.0,100,정릉,MG,1,서울특별시 성북구 정릉동 966-1,정릉도서관,정릉도서관,N,서울특별시,성북구,서울,정릉2동
66,106,달빛마루도서관,서울특별시 성북구 종암로 167,37.604481,127.03131599999999,서울특별시,성북구,111302.0,111302.0,02-911-0993,02-911-0994,https://www.sblib.seoul.kr/,"09:00~18:00, 매주 수요일 09:00~21:00","매주 월요일 / 법정공휴일, 도서관 업무상 필요하여 관장이 지정한 날",1,공공,지자체,2012,02734,958630.658532508,1956221.0768234,2012.0,2015.0,100,달빛,MI,1,서울특별시 성북구 하월곡동 88-387,달빛마루도서관,달빛마루도서관,N,서울특별시,성북구,서울,길음2동
67,107,청수도서관,서울특별시 성북구 보국문로16가길 20,37.61172929999999,127.010749,서울특별시,성북구,111437.0,111437.0,02-2038-4423,070-4324-5396,https://www.sblib.seoul.kr/,09:00~18:00,"매주 월요일 / 일요일을 제외한 법정공휴일, 도서관 사정에 의해 관장이 따로 정한 날",1,공공,지자체,2014,02717,956819.450156988,1957034.50537731,2014.0,2015.0,100,청수,MJ,1,서울특별시 성북구 정릉4동 266-121,청수도서관,청수도서관,N,서울특별시,성북구,서울,정릉4동
68,108,종암동새날도서관,서울특별시 성북구 종암로 98-8,37.5990302,127.035098,서울특별시,성북구,111188.0,111188.0,02-6925-6920,02-6442-6925,https://www.sblib.seoul.kr/,09:00~18:00,"매주 월요일 / 일요일을 제외한 법정공휴일, 관장이 필요하다고 인정하는 날",1,공공,지자체,2011,02797,958961.492194179,1955614.67545601,2011.0,2015.0,100,종암,TR,1,서울특별시 성북구 종암동 16-8,종암동새날어린이도서관,종암동새날어린이도서관,N,서울특별시,성북구,서울,종암동
87,1200,동대문구정보화도서관,서울특별시 동대문구 회기로10길 60,37.59006420000001,127.047331,서울특별시,동대문구,111065.0,111065.0,02-960-1959,02-3299-2745,https://www.l4d.or.kr/info/index.do,화요일~일요일 09:00~18:00 (*현재 사회적 거리두기에 따른 부분운영중),"매주 월요일 / 법정공휴일, 도서관 사정에 의한 임시 휴관일",1,공공,지자체,2006,02456,960036.552677516,1954614.66397549,2006.0,2014.0,1200,정보화,MA,1,서울특별시 동대문구 청량리동 206-19,동대문구정보화도서관,동대문구정보화도서관,Y,서울특별시,동대문구,서울,청량리동
92,1205,동대문구답십리도서관,서울특별시 동대문구 서울시립대로4길 75,37.573203,127.050405,서울특별시,동대문구,111445.0,111445.0,02-982-1959,02-2216-9413,https://www.l4d.or.kr/dsn/index.do,오전 9시 ~ 오후 10시,"매주 금요일 / 법정공휴일, 도서관 사정에 의한 임시 휴관일",1,공공,지자체,2014,02596,960298.986502053,1952742.69356582,2014.0,2014.0,1200,답십리,MF,1,서울특별시 동대문구 답십리1동 474-5,동대문구 답십리 도서관,답십리도서관,N,서울특별시,동대문구,서울,답십리1동
96,1209,휘경어린이도서관,서울특별시 동대문구 망우로18가길 38,37.5886815,127.060597,서울특별시,동대문구,111446.0,111446.0,02-2248-1959,02-2248-1969,https://www.l4d.or.kr/hgc/index.do,09:00~18:00,"매주 월요일 / 법정공휴일, 도서관 필요에 의해 관장이 정하는 날",1,공공,지자체,2014,02497,961207.017100368,1954455.69828389,2014.0,2014.0,1200,휘경어린이,MJ,1,서울특별시 동대문구 휘경동 282-4,휘경 어린이도서관,휘경어린이도서관,N,서울특별시,동대문구,서울,휘경2동
122,30100,대림도서관,서울특별시 영등포구 도신로 27,37.5082195,126.90405940000001,서울특별시,영등포구,111083.0,111083.0,02-828-3700,02-828-3701,https://www.ydplib.or.kr/drlib,"평일 09:00~21:00, 주말 09:00~17:00",매주 월요일 / 법정공휴일,1,공공,지자체,,07376,947330.29273129,1945605.0014308,,2021.0,30100,대림,CA,1,,,,Y,서울특별시,영등포구,영등포,도림동
128,4600,서울도서관,서울특별시 중구 세종대로 110,37.5663245,126.977752,서울특별시,중구,111314.0,111314.0,02-2133-0300,02-2133-0390,http://lib.seoul.go.kr/,"화~금( 9:00~19:00 ) / 토,일( 9:00~17:00 )",매주 월요일 / 공휴일,1,공공,지자체,2012,04524,953879.155607272,1952012.73609244,2012.0,2014.0,4600,서울,111314,1,서울특별시 중구 태평로1가 31,서울도서관,서울도서관,Y,서울특별시,중구,서울,명동
129,4400,서초구립반포도서관,서울특별시 서초구 고무래로 34,37.502493,127.012451,서울특별시,서초구,111377.0,111377.0,02-520-8700,02-520-8720,http://www.seocholib.or.kr/,(평일) 09:00-22:00(어린이자료실은 09:00-18:00) (주말) 09:00-18:00,"매주 월요일 / 법정공휴일, 도서관장이 필요하다고 인정한 경우",1,공공,지자체,2013,06599,956906.804675091,1944914.52876494,2013.0,2015.0,4400,반포,AA,1,서울특별시 서초구 반포동 32-13,서초구립반포도서관,서초구립반포도서관,Y,서울특별시,서초구,서울,반포1동
131,4404,서이도서관,서울특별시 서초구 서초대로70길 51,37.4920737,127.02493799999999,서울특별시,서초구,111466.0,111466.0,02-3471-1337,02-3471-1336,http://spublic.seocholib.or.kr/,(평일) 09:00~21:00 (주말) 09:00~18:00,"매주 월요일 / 법정공휴일, 임시공휴일",1,공공,지자체,2017,06624,958004.670577941,1943752.92965711,2017.0,2016.0,4400,서이,BB,1,서울특별시 서초구 서초동 1332-6,서초2동작은도서관,서초2동 작은도서관,N,서울특별시,서초구,서울,서초2동
134,4407,잠원도서관,서울특별시 서초구 나루터로 38,37.5149648,127.01396799999999,서울특별시,서초구,111140.0,111140.0,02-3477-8655,02-3477-8656,http://spublic.seocholib.or.kr/,(평일) 09:00-21:00 (주말) 09:00-18:00,"매주 월요일 / 법정공휴일, 임시공휴일",1,공공,지자체,2017,06523,957048.036136229,1946297.50470596,2017.0,2016.0,4400,잠원,BE,1,서울특별시 서초구 잠원동 58-27,잠원동 작은도서관,잠원동 작은도서관,N,서울특별시,서초구,서울,잠원동
143,4416,방배도서관,서울특별시 서초구 방배로 40,37.480320899999995,126.99903700000002,서울특별시,서초구,111236.0,111236.0,02-3471-3993,02-3471-3995,http://spublic.seocholib.or.kr/,"화-금(09:00-21:00)/토,일(09:00-18:00)","매주 월요일 / 법정공휴일, 임시공휴일",1,공공,지자체,2017,06705,955708.07733405,1942460.90316556,2017.0,2016.0,4400,방배,BN,1,서울특별시 서초구 방배동 983-14,방배3동 책사랑방,방배3동 작은도서관,N,서울특별시,서초구,서울,방배3동
147,4701,강동도서관,서울특별시 강동구 양재대로116길 57,37.5385252,127.14375600000001,서울특별시,강동구,111004.0,111004.0,02-2225-9800,02-471-8520,http://gdlib.sen.go.kr/,07:00-23:00,"매월 첫째주, 셋째주 목요일 / 일요일을 제외한 법정공휴일, 기타 관장이 필요하다고 인정하는 날",1,공공,교육청,1984,05344,968527.69853441,1948860.04235924,1984.0,2015.0,4700,강동,MB,1,서울특별시 강동구 길동 362,강동도서관,강동도서관,N,서울특별시,강동구,서울,길동
148,4702,강서도서관,서울특별시 강서구 등촌로51나길 29,37.5478818,126.859926,서울특별시,강서구,111005.0,111005.0,02-3219-7000,02-3219-7091,http://gslib.sen.go.kr/,07:00~23:00(하절기) 08:00~23:00(동절기) 07:00~22:00(하절기 주말) 08:00~22:00(동절기 주말),"매월 첫째주, 셋째주 금요일 / 일요일을 제외한 법정공휴일, 휴관이 필요하다고 관장이 지정하는 날",1,공공,교육청,1983,07669,943459.652354343,1950030.95242136,1983.0,2015.0,4700,강서,MC,1,서울특별시 강서구 등촌동 520-6,강서도서관,강서도서관,N,서울특별시,강서구,서울,등촌2동
149,4703,개포도서관,서울특별시 강남구 선릉로4길 30,37.482960399999996,127.063769,서울특별시,강남구,111006.0,111006.0,02-3460-8200,02-3462-1970,http://gplib.sen.go.kr/,"하(동)절기: 07(08)～23시, 자료실 평일(문헌정보실:9시～20시, 어린이실/디지털실:9시～18시) / 주말(9시～17시)","매월 둘째주, 넷째주 목요일 / 일요일을 제외한 법정공휴일, 기타 도서관 필요에 의해 정하는 날",1,공공,교육청,1984,06327,961432.651812293,1942725.25498188,1984.0,2015.0,4700,개포,MD,1,서울특별시 강남구 개포2동 139,개포도서관,개포도서관,N,서울특별시,강남구,서울,개포2동
150,4704,고덕평생학습관,서울특별시 강동구 고덕로 295,37.556146399999996,127.15798400000001,서울특별시,강동구,111007.0,111007.0,02-6902-2600,02-6902-2680,http://gdllc.sen.go.kr/,"07:00~23:00(3월~10월),08:00~23:00(11월~2월)","매월 둘째주, 넷째주 월요일 / 일요일을 제외한 법정공휴일, 평생학습관 사정으로 인한 임시휴관일",1,공공,교육청,1984,05225,969791.78402888,1950810.34275624,1984.0,2015.0,4700,고덕,ME,1,서울특별시 강동구 고덕동 296,고덕평생학습관,고덕평생학습관,N,서울특별시,강동구,서울,고덕2동
151,4705,고척도서관,서울특별시 구로구 고척로45길 31,37.5053516,126.853254,서울특별시,구로구,111008.0,111008.0,02-2615-0524,02-2682-4176,http://gclib.sen.go.kr/,"평일 : 09:00~20:00, 주말 : 09:00~17:00 (장시간 개관 자료실 기준)","매월 둘째주, 넷째주 수요일 / 일요일을 제외한 법정공휴일, 기타 도서관장이 정하는 임시휴관일",1,공공,교육청,1990,08239,942837.836132462,1945316.4736195,1990.0,2015.0,4700,고척,MF,1,서울특별시 구로구 고척2동 산9-14,고척도서관,고척도서관,N,서울특별시,구로구,서울,고척2동
152,4706,구로도서관,서울특별시 구로구 공원로 15,37.4985419,126.891674,서울특별시,구로구,111009.0,111009.0,02-6958-2800,02-6958-2888,http://grlib.sen.go.kr/,07(08):00-23(23):00,"매월 첫째주, 셋째주 수요일 / 일요일을 제외한 법정공휴일, 휴관이 필요하다고 인정하는 날",1,공공,교육청,1984,08298,946228.71014751,1944538.33124036,1984.0,2015.0,4700,구로,MG,1,서울특별시 구로구 구로5동 106-1,구로도서관,구로도서관,N,서울특별시,구로구,서울,구로5동
153,4707,남산도서관,서울특별시 용산구 소월로 109,37.5530786,126.981334,서울특별시,용산구,111010.0,111010.0,02-754-7338,02-754-6545,http://nslib.sen.go.kr/,"인문사회과학실 평일 09:00 ~ 20:00 토,일 09:00 ~ 17:00, 문학실/자연과학실 평일 09:00 ~ 20:00 토,일 09:00 ~ 17:00(단, 11월-2월에는 평일 09:00 ~ 19:00), 전자정보실/독서치료어학실/연속간행물실 평일 09:00 ~ 18:00 토,일 09:00 ~ 17:00, 일반열람실 평일 07:00 ~ 23:00 토,일 07:00 ~ 22:00(단, 11월-2월에는 평일 08:00 ~ 23:00 토,일 08:00 ~ 22:00)","매월 첫째주, 셋째주 월요일 / 법정공휴일, 도서관 사정으로 휴관하는 일",1,공공,교육청,1922,04340,954187.382326581,1950541.41847163,1922.0,2015.0,4700,남산,MH,1,서울특별시 용산구 후암동 30-84,남산도서관,남산도서관,N,서울특별시,용산구,서울,후암동
154,4708,도봉도서관,서울특별시 도봉구 삼양로 556,37.652815000000004,127.01296299999998,서울특별시,도봉구,111011.0,111011.0,02-6714-7400,02-991-3974,http://dblib.sen.go.kr/,"종합자료실: 평일 09~20시, 주말 09~17시 어린이실, 디지털자료실: 평일 09~18시, 주말 09~17시","매월 둘째주, 넷째주 수요일 / 법정공휴일, 도서관 사정으로 휴관일을 공고한 경우",1,공공,교육청,1981,01368,957038.51503451,1961591.79012884,1981.0,2015.0,4700,도봉,MJ,1,서울특별시 도봉구 쌍문동 422-163,도봉도서관,도봉도서관,N,서울특별시,도봉구,서울,쌍문1동
155,4709,동대문도서관,서울특별시 동대문구 천호대로4길 22,37.573553499999996,127.02477900000001,서울특별시,동대문구,111012.0,111012.0,02-2170-1000,02-2233-3045,http://ddmlib.sen.go.kr/,07:00~23:00,"매월 둘째주, 넷째주 수요일 / 일요일을 제외한 법정공휴일, 휴관이 필요하다고 인정하는 날",1,공공,교육청,1971,02586,958036.293129305,1952792.71619635,1971.0,2015.0,4700,동대문,MK,1,서울특별시 동대문구 신설동 109-4,동대문도서관,동대문도서관,N,서울특별시,동대문구,서울,용신동
156,4710,동작도서관,서울특별시 동작구 장승배기로 94,37.5059908,126.94016599999999,서울특별시,동작구,111013.0,111013.0,02-823-6419,02-812-6511,http://djlib.sen.go.kr/,07:00~23:00(동절기 08:00~23:00),"매월 둘째주, 넷째주 금요일 / 일요일을 제외한 법정공휴일, 관장이 필요하다고 인정할 때",1,공공,교육청,1991,06925,950519.97928432,1945338.14227552,1991.0,2015.0,4700,동작,ML,1,서울특별시 동작구 노량진2동 310-150,동작도서관,동작도서관,N,서울특별시,동작구,서울,노량진2동
157,4711,마포평생학습관,서울특별시 마포구 홍익로2길 16,37.5543324,126.924196,서울특별시,마포구,111014.0,111014.0,02-2137-0000,02-323-1057,http://mpllc.sen.go.kr/,"[자료실] 평일 09:00-18:00(문헌정보실은 20시), 주말 09:00-17:00 [자율학습실] 평일 07:00-23:00(동절기 08:00-23:00), 주말 07:00-22:00(동절기 08:00-22:00)","매월 둘째주, 넷째주 월요일 / 법정공휴일, 휴관이 필요하다고 인정하는 날",1,공공,교육청,1995,04054,949141.319636188,1950709.90210589,1995.0,2015.0,4700,마포,MM,1,서울특별시 마포구 서교동 341-1,마포평생학습관,마포평생학습관,N,서울특별시,마포구,서울,서교동
158,4712,양천도서관,서울특별시 양천구 목동서로 113,37.533654399999996,126.875957,서울특별시,양천구,111015.0,111015.0,02-2062-3900,02-2062-3949,http://yclib.sen.go.kr/,"하절기 07:00~23:00, 동절기 08:00~23:00","매월 첫째주, 셋째주 목요일 / 일요일을 제외한 법정공휴일, 도서관 사정으로 임시로 정하는 휴일",1,공공,교육청,1990,07988,944865.274792774,1948442.97117634,1990.0,2015.0,4700,양천,MN,1,서울특별시 양천구 목5동 905,양천도서관,양천도서관,N,서울특별시,양천구,서울,목5동
159,4713,서대문도서관,서울특별시 서대문구 모래내로 412,37.5834154,126.940849,서울특별시,서대문구,111016.0,111016.0,1833-6948,02-6948-2119,http://sdmlib.sen.go.kr/,"자율학습실 07:00～23:00(주말 07:00～22:00)/종합자료실 09:00～20:00, 어린이자료실 09:00～18:00, 디지털자료실 09:00～18:00(주말 09:00～17:00)","매월 첫째주, 셋째주 화요일 / 일요일을 제외한 법정공휴일 / 도서관 사정으로 임시로 정하는 휴일",1,공공,교육청,1986,03717,950631.430803778,1953927.64456384,1986.0,2015.0,4700,서대문,MP,1,서울특별시 서대문구 연희동 1-116,서대문도서관,서대문도서관,N,서울특별시,서대문구,서울,연희동
160,4714,서울시립어린이도서관,서울특별시 종로구 사직로 9길 7,37.5763001,126.96823700000002,서울특별시,종로구,111017.0,111017.0,02-731-2300,02-736-8914,http://childlib.sen.go.kr/,"평일 09:00~18:00, 주말 09:00~17:00","매월 첫째주, 셋째주 월요일 / 일요일을 제외한 법정공휴일, 도서관 사정으로 임시로 정하는 휴일",1,공공,교육청,1979,03027,953045.122634661,1953124.19362309,1979.0,2015.0,4700,어린이,MQ,1,서울특별시 종로구 사직동 1-28,서울시립어린이도서관,서울시립어린이도서관,N,서울특별시,종로구,서울,사직동
161,4715,영등포평생학습관,서울특별시 영등포구 버드나루로15길 10,37.526074,126.907352,서울특별시,영등포구,111018.0,111018.0,02-6712-7500,02-2636-1680,http://ydpllc.sen.go.kr/,"자료실 : 평일 9~18시(문헌정보실은 20시), 주말 9~17시 / 학습실 : 11월~2월은 8시~23시(평일), 8시~22시(주말) 3월~10월은 7시~23시(평일), 7시~22시(주말)","매월 둘째주, 넷째주 월요일 / 법정공휴일, 휴관이 필요하다고 인정하는 날",1,공공,교육청,1974,07229,947633.776498982,1947584.02243581,1974.0,2015.0,4700,영등포,MR,1,서울특별시 영등포구 당산동 121-22,영등포평생학습관,영등포평생학습관,N,서울특별시,영등포구,서울,당산2동
162,4716,용산도서관,서울특별시 용산구 두텁바위로 160,37.551987700000005,126.98012299999999,서울특별시,용산구,111019.0,111019.0,02-6902-7777,02-779-2563,http://yslib.sen.go.kr/,"문헌정보실 : 평일 09:00~20:00, 토·일 09:00~17:00 / 디지털간행물실, 어린이실 : 평일 09:00~18:00, 토·일 09:00~17:00 / 자율학습실 : 평일 07:00~23:00, 주말 07:00~22:00","매월 둘째주, 넷째주 화요일 / 법정공휴일, 기타 사정으로 도서관장이 정한 날",1,공공,교육청,1981,04328,954079.747279386,1950420.97965041,1981.0,2015.0,4700,용산,MS,1,서울특별시 용산구 후암동 30-90,용산도서관,용산도서관,N,서울특별시,용산구,서울,후암동
163,4717,정독도서관,서울특별시 종로구 북촌로5길 48,37.5810398,126.982952,서울특별시,종로구,111020.0,111020.0,02-2011-5799,02-737-6943,http://jdlib.sen.go.kr/,평일 7-23시,"매월 첫째주, 셋째주 수요일 / 일요일을 제외한 법정공휴일, 도서관 사정으로 임시로 정하는 휴일",1,공공,교육청,1977,03055,954347.366083456,1953642.78861398,1977.0,2015.0,4700,정독,MT,1,서울특별시 종로구 화동 2,정독도서관,정독도서관,Y,서울특별시,종로구,서울,삼청동
164,4718,종로도서관,서울특별시 종로구 사직로9길 15-14,37.5764744,126.966457,서울특별시,종로구,111021.0,111021.0,02-721-0707,02-737-1707,http://jnlib.sen.go.kr/,"어문학실, 인문사회과학실 09시~20시(평일), 09시~17시(주말) / 자연과학정보실 09시~20시(평일), 09시~17시(주말) / 인왕관 09시~18시(평일), 09시~17시(토)/ 자율학습실 07시~23시(3~10월 평일), 08시~23시(11~2월 평일), 주말은 22시까지 운영","매월 둘째주, 넷째주 월요일 / 법정공휴일, 도서관 운영상 도서관장이 필요하다고 지정한 날",1,공공,교육청,1920,03027,952888.056592292,1953144.42248022,1920.0,2015.0,4700,종로,MU,1,서울특별시 종로구 사직동 1-28,종로도서관,종로도서관,N,서울특별시,종로구,서울,사직동
165,4719,노원평생학습관,서울특별시 노원구 동일로204길 13,37.639395799999996,127.067748,서울특별시,노원구,111022.0,111022.0,02-979-1741,02-977-9182,http://nwllc.sen.go.kr/,"[평일] 문헌정보실09:00~20:00, 어린이실,디지털실 09:00~18:00 [주말] 09:00~17:00","매월 둘째주, 넷째주 월요일 / 법정공휴일(토, 일요일과 겹칠 경우 휴관), 휴관이 필요하다고 인정하는 날",1,공공,교육청,1990,01783,961864.258998449,1960079.29749574,1990.0,2015.0,4700,노원,MV,1,서울특별시 노원구 중계동 508,노원평생학습관,노원평생학습관,N,서울특별시,노원구,서울,중계2·3동
166,4720,송파도서관,서울특별시 송파구 동남로 263,37.49999329999999,127.13483899999999,서울특별시,송파구,111030.0,111030.0,02-3434-3333,02-404-7957,http://splib.sen.go.kr/,"인문사회과학실 평일 09:00 ~ 20:00 토,일 09:00 ~ 17:00, 어학문학실/연속간행물실 평일 09:00 ~ 20:00 토,일 09:00 ~ 17:00(단, 11월-2월에는 평일 09:00 ~ 19:00, 22:00까지 폐가제 운영), 디지털자료실/어린이열람실/모자열람실 평일 09:00 ~ 18:00 토,일 09:00 ~ 17:00, 일반열람실 07:00 ~ 23:00(단, 11월-2월에는 08:00 ~ 23:00, 탐구 2,3,4실은 22:00까지 이용가능)","매월 둘째주, 넷째주 화요일 / 법정공휴일, 기타 도서관 필요에 의해 정하는 날",1,공공,교육청,1994,05725,967723.332194525,1944588.19671815,1994.0,2015.0,4700,송파,MW,1,서울특별시 송파구 오금동 51,송파도서관,송파도서관,N,서울특별시,송파구,서울,오금동
167,4721,마포평생학습관아현분관,서울특별시 마포구 마포대로 224,37.5538448,126.95719799999999,서울특별시,마포구,111031.0,111031.0,02-362-8785,02-393-1586,http://ahyon.sen.go.kr/,07:00-22:00,"매월 둘째주, 넷째주 월요일 / 일요일을 제외한 법정공휴일, 기타의 사유로 휴관일 필요하다고 인정하는 날",1,공공,교육청,1980,04202,952055.977631655,1950638.46108186,1980.0,2015.0,4700,아현,MX,1,서울특별시 마포구 아현동 602-1,마포평생학습관아현분관,마포평생 아현분관,N,서울특별시,마포구,서울,공덕동
168,4722,강남도서관,서울특별시 강남구 선릉로116길 45,37.513735600000004,127.04699099999999,서울특별시,강남구,111003.0,111003.0,02-3448-4741,02-3443-4713,http://gnlib.sen.go.kr/,자료실 평일09:00-18:00 (종합자료실 20:00) 주말09:00-17:00,"매월 첫째주, 셋째주 수요일 / 법정공휴일, 기타 사정으로 도서관장이 정하는 날",1,공공,교육청,1982,06093,959965.727899655,1946146.56879647,1982.0,2015.0,4700,강남,MA,1,서울특별시 강남구 삼성동 28,강남도서관,강남도서관,N,서울특별시,강남구,서울,삼성2동
196,4500,강남구립도곡정보문화도서관,서울특별시 강남구 도곡로18길 57,37.4881818,127.038923,서울특별시,강남구,111347.0,111347.0,1644-3227,02-529-0377,https://library.gangnam.go.kr/dogoklib/,09:00~22:00,"매주 월요일 / 법정공휴일, 관장이 필요하다고 인정하는 날",1,공공,지자체,2013,06269,959238.832394507,1943315.00178659,2013.0,2015.0,4500,도곡정보,MA,1,서울특별시 강남구 도곡동 892-6,강남구립 도곡정보문화도서관,도곡정보문화도서관,Y,서울특별시,강남구,서울,도곡1동
197,4502,강남구립논현도서관,서울특별시 강남구 학동로43길 17,37.5173333,127.0372,서울특별시,강남구,111070.0,111070.0,02-3443-7650,02-542-6459,https://library.gangnam.go.kr/nhlib,"자료실, 열람실 (평일 09:00~18:00, 주말 09:00~17:00)",매주 화요일 / 일요일을 제외한 법정공휴일,1,공공,지자체,1997,06058,959102.415424299,1946549.92272307,1997.0,2015.0,4500,논현,MB,1,서울특별시 강남구 논현동 114-24,강남구립논현도서관,논현도서관,N,서울특별시,강남구,서울,논현2동
199,4504,강남구립대치도서관,"서울특별시 강남구 삼성로 212, 은마아파트 복지상가 2층 215호",37.495383200000006,127.06370600000001,서울특별시,강남구,111039.0,111039.0,02-565-6666,02-554-6666,https://library.gangnam.go.kr/dchlib,"자료실(월~금:09:00~18:00/ 토·일: 09:00~17:00), 열람실(월~일: 06:00~21:00)",매주 화요일 / 법정공휴일,1,공공,지자체,1999,06284,961433.469353643,1944103.50697403,1999.0,2015.0,4500,대치,MC,1,서울특별시 강남구 대치동 316 은마아파트 복지상가 2층 215호,강남구립대치도서관,대치도서관,N,서울특별시,강남구,서울,대치2동
200,4505,강남구립행복한도서관,"서울특별시 강남구 영동대로65길 24, 대치2문화센터 3층",37.5022554,127.06415,서울특별시,강남구,111075.0,111075.0,02-567-3833,02-565-3834,https://library.gangnam.go.kr/happylib,"평일: 자료실(09:00~18:00), 열람실(09:00~18:00) / 토,일: 자료실(09:00~17:00), 열람실(09:00~17:00) ※ 사회적 거리두기 방침에 따라 운영시간 변동이 있으니 공지사항을 꼭 확인바랍니다.",매주 화요일 / 일요일을 제외한 법정공휴일,1,공공,지자체,2006,06187,961476.247919395,1944865.75078638,2006.0,2015.0,4500,행복한,ML,1,서울특별시 강남구 대치동 980-9,강남구립행복한도서관,행복한도서관,N,서울특별시,강남구,서울,대치2동
205,4511,강남구립청담도서관,서울특별시 강남구 압구정로79길 26,37.5250583,127.0493,서울특별시,강남구,111069.0,111069.0,02-540-7042,02-540-7043,https://library.gangnam.go.kr/cdlib,"평일 - 09:00~22:00, 주말 - 09:00~17:00",매주 월요일 / 일요일을 제외한 법정공휴일,1,공공,지자체,1999,06012,960175.803038309,1947401.77333718,1999.0,2015.0,4500,청담,MK,1,서울특별시 강남구 청담동 124-1 청담주민센터 7층,강남구립청담도서관,청담도서관,N,서울특별시,강남구,서울,청담동
207,4513,강남구립즐거운도서관,서울특별시 강남구 도곡로77길 23,37.499725700000006,127.057818,서울특별시,강남구,111056.0,111056.0,02-565-7533,02-563-7383,https://library.gangnam.go.kr/jgwlib,자료실09:00-18:00(평일)09:00-17:00(주말) / 열람실06:00-22:00,매주 월요일 / 일요일을 제외한 법정공휴일,1,공공,지자체,2004,06204,960915.255905171,1944587.70773301,2004.0,2015.0,4500,즐거운,MJ,1,서울특별시 강남구 대치4동 928-22,즐거운도서관,즐거운 도서관,N,서울특별시,강남구,서울,대치4동
208,4514,강남구립정다운도서관,서울특별시 강남구 학동로67길 11,37.5190642,127.046371,서울특별시,강남구,111073.0,111073.0,02-512-9326,-,https://library.gangnam.go.kr/jdwlib,평일: 09시-22시 주말: 09시-17시,매주 화요일 / 일요일을 제외한 법정공휴일,1,공공,지자체,2004,06066,959913.786091972,1946738.00823184,2004.0,2015.0,4500,정다운,MI,1,서울특별시 강남구 청담동 35-10,강남구립 정다운도서관,정다운도서관,N,서울특별시,강남구,서울,청담동
210,4515,강남구립역삼도서관,서울특별시 강남구 역삼로7길 16,37.495260200000004,127.03319099999999,서울특별시,강남구,111103.0,111103.0,02-508-1139,02-508-1139,https://library.gangnam.go.kr/yslib,"자료실, 열람실 (평일 : 09시~18시 / 주말 : 09시~17시)",매주 월요일 / 일요일을 제외한 법정공휴일,1,공공,지자체,2007,06244,958735.990590888,1944102.80116316,2007.0,2015.0,4500,역삼,MF,1,서울특별시 강남구 역삼1동 829-20,강남구립 역삼도서관,역삼도서관,N,서울특별시,강남구,서울,역삼1동
211,4516,강남구립열린도서관,"서울특별시 강남구 일원로 115, 삼성생명빌딩 B동 203호",37.483932,127.084402,서울특별시,강남구,711265.0,711265.0,02-3412-3970,-,https://library.gangnam.go.kr/yllib,"평일 오전 9시~오후 9시, 주말 오전 9시~오후5시",매주 월요일 / 일요일을 제외한 법정공휴일,1,공공,공립,2008,06060,959408.490817291,1946558.40788626,2008.0,2015.0,4500,열린,MH,1,서울특별시 강남구 논현동 119,열린도서관,열린도서관,N,서울특별시,강남구,서울,일원본동
212,4517,강남구립역삼푸른솔도서관,서울특별시 강남구 테헤란로8길 36,37.4964736,127.031856,서울특별시,강남구,111127.0,111127.0,02-2051-1178,02-2051-1178,https://library.gangnam.go.kr/ysplib,"자료실: 09시~18시(월~금) 09시~17시(토,일) / 열람실: 06시~22시",매주 화요일 / 법정공휴일,1,공공,지자체,2009,06240,958618.650899794,1944238.00613464,2009.0,2015.0,4500,푸른솔,MG,1,서울특별시 강남구 역삼동 827-61 4층,강남구립역삼푸른솔도서관,역삼 푸른솔 도서관,N,서울특별시,강남구,서울,역삼1동
276,6000,강서구립등빛도서관,서울특별시 강서구 강서로62길 48,37.562433899999995,126.84235359999998,서울특별시,강서구,111309.0,111309.0,02-3664-6990,02-3664-8045,http://lib.gangseo.seoul.kr/,"평일 자료실 (화~금) - 09:00 ~ 22:00, 평일 일반열람실(화~금) -07:00~22:00, 주말자료실-09:00~22:00, 주말일반열람실-07:00~22:00, 매주월요일(일반열람실)-09:00~18:00","마지막주 월요일(단, 마지막주를 제외한 매주 월요일은 2, 3층 휴관, 4층 개방) / 법정공휴일",1,공공,지자체,2012,07585,941918.688876909,1951656.15706286,2012.0,2016.0,6000,등빛,GS000007,1,서울특별시 강서구 등촌동 690-1,,,Y,서울특별시,강서구,서울,등촌3동
277,6001,강서구립가양도서관,서울특별시 강서구 양천로61길 101,37.559397,126.86533859999999,서울특별시,강서구,111453.0,111453.0,02-3665-8797,02-3665-0235,http://lib.gangseo.seoul.kr/,"어린이자료실=화~금 9:00~18:00, 토~일 9:00~17:00 / 종합자료실, 학습열람실=화~토 9:00~22:00, 일 9:00~17:00","매주 월요일 / 일요일을 제외한 법정공휴일(단, 일요일과 법정공휴일이 겹칠 경우 휴관)",1,공공,지자체,2015,07531,943946.400203103,1951305.26963063,2015.0,2016.0,6000,가양,GS000033,1,서울특별시 강서구 가양3동 1493,,,N,서울특별시,강서구,서울,가양3동
278,6002,강서구립곰달래도서관,서울특별시 강서구 강서로5길 50,37.5291122,126.84907779999999,서울특별시,강서구,111378.0,111378.0,02-2065-3785,02-2065-3799,http://lib.gangseo.seoul.kr/,"6층 종합자료실 : 09:00~22:00(화요일~토요일), 09:00~20:00(일요일) / 5층 어린이자료실 :  09:00~18:00(화요일~토요일), 09:00~17:00(일요일) / 6층 열람실 : 07:00~22:00 (화요일~일요일)",매주 월요일 / 법정공휴일,1,공공,지자체,2013,07781,942486.960921743,1947955.13446729,2013.0,2016.0,6000,곰달래,GS000002,1,서울특별시 강서구 화곡8동 890,,,N,서울특별시,강서구,서울,화곡8동
279,6003,강서구립우장산숲속도서관,서울특별시 강서구 우현로 34,37.54842670000001,126.8418183,서울특별시,강서구,111118.0,111118.0,02-2696-6689,02-2696-6692,http://lib.gangseo.seoul.kr/,09:00 ~ 22:00,"매주 월요일 / 일요일을 제외한 법정공휴일(단, 일요일과 법정공휴일이 겹칠 경우 휴관)",1,공공,지자체,2009,07690,941860.530555757,1950102.45100778,2009.0,2016.0,6000,우장산,GS000006,1,서울특별시 강서구 화곡동 1159-4,,,N,서울특별시,강서구,서울,우장산동
280,6004,강서영어도서관,서울특별시 강서구 곰달래로57가길 26,37.5349763,126.86043659999999,서울특별시,강서구,111373.0,111373.0,02-2061-2270,02-2061-2276,http://lib.gangseo.seoul.kr/,09:00~18:00,"매주 월요일 / 일요일을 제외한 법정공휴일(단, 일요일과 법정공휴일이 겹칠 경우 휴관)",1,공공,지자체,2012,07740,943495.017126209,1948598.84192496,2012.0,2016.0,6000,영어,GS000001,1,서울특별시 강서구 화곡동 809-1,,,N,서울특별시,강서구,서울,화곡4동
281,6007,강서구립길꽃어린이도서관,서울특별시 강서구 금낭화로24길 5,37.5786886,126.8138658,서울특별시,강서구,111067.0,111067.0,02-2663-4764,02-2663-4766,http://lib.gangseo.seoul.kr/,09:00~22:00,"매주 월요일 / 일요일을 제외한 법정공휴일(단, 일요일과 법정공휴일이 겹칠 경우 휴관)",1,공공,지자체,2007,07511,939415.871945995,1953477.53887691,2007.0,2016.0,6000,길꽃,GS000003,1,서울특별시 강서구 방화3동 828,,,N,서울특별시,강서구,서울,방화3동
282,6008,강서구립꿈꾸는어린이도서관,서울특별시 강서구 공항대로 615,37.5473333,126.8731625,서울특별시,강서구,111098.0,111098.0,02-3663-4025,02-3663-4024,http://lib.gangseo.seoul.kr/,"3층 꿈동이자료실 :  화~금 9:00~18:00, 토~일 9:00~17:00 / 4층 꿈돌이자료실 : 화~토 9:00~22:00, 일 9:00~17:00","매주 월요일 / 일요일을 제외한 법정공휴일(단, 일요일과 법정공휴일이 겹칠 경우 휴관)",1,공공,지자체,2008,07558,944628.492903721,1949962.22055909,2008.0,2016.0,6000,꿈꾸는,GS000004,1,서울특별시 강서구 염창동 281-25,,,N,서울특별시,강서구,서울,염창동
283,6009,강서구립푸른들청소년도서관,서울특별시 강서구 강서로45다길 71,37.544683,126.8351,서울특별시,강서구,111097.0,111097.0,02-2691-1630,02-2691-1632,http://lib.gangseo.seoul.kr/,평일 09:00 ~18:00(야간22:00) / 토 09:00 ~17:00(야간22:00) /일 09:00~17:00,"매주 월요일 / 일요일을 제외한 법정공휴일(단, 일요일과 법정공휴일이 겹칠 경우 휴관)",1,공공,지자체,2008,07709,941264.135508169,1949691.2805631,2008.0,2016.0,6000,푸른들,GS000005,1,서울특별시 강서구 화곡3동 1019,,,N,서울특별시,강서구,서울,화곡3동
323,7300,관악중앙도서관,서울특별시 관악구 신림로3길 35,37.467125200000005,126.94481680000001,서울특별시,관악구,111045.0,111045.0,02-828-5700,02-828-5810,http://lib.gwanak.go.kr/,"9시~18시(평일), 9시~17시(주말)","매주 월요일 / 국가공휴일(단, 일요일과 법정공휴일이 겹칠 경우 휴관), 도서관 사정으로 휴관하는 날",1,공공,지자체,2002,08825,950905.608213202,1941023.81145041,2002.0,2016.0,7300,관악,MA,1,서울특별시 관악구 신림동 209-1,,,Y,서울특별시,관악구,서울,대학동
324,7301,성현동작은도서관,"서울특별시 관악구 관악로37길 56, 동아아파트 상가B동 5층",37.4872372,126.95603829999999,서울특별시,관악구,111063.0,111063.0,02-877-7182,02-877-7184,http://lib.gwanak.go.kr/,"9시~18시(평일), 9시~17시(주말)","매주 월요일 / 국가공휴일(단, 일요일과 법정공휴일이 겹칠 경우 휴관), 도서관 사정으로 휴관하는 날",1,공공,지자체,2006,08726,951910.813646126,1943249.31747417,2006.0,2016.0,7300,성현,KP,1,서울특별시 관악구 봉천동 1703-1,,,N,서울특별시,관악구,서울,성현동
325,7302,글빛정보도서관,서울특별시 관악구 관악로30길 23,37.4861679,126.95965,서울특별시,관악구,111062.0,111062.0,02-878-7460,02-878-7461,http://lib.gwanak.go.kr/,"9시~18시(평일), 9시~17시(주말)","매주 월요일 / 국가공휴일(단, 일요일과 법정공휴일이 겹칠 경우 휴관), 도서관 사정으로 휴관하는 날",1,공공,지자체,2006,08734,952229.429246948,1943128.84661293,2006.0,2016.0,7300,글빛,KJ,1,서울특별시 관악구 봉천동 1717-4,,,N,서울특별시,관악구,서울,청림동
326,7303,은천동작은도서관,서울특별시 관악구 봉천로33나길 30,37.4852797,126.94239640000002,서울특별시,관악구,111160.0,111160.0,02-877-1162,02-877-1165,http://lib.gwanak.go.kr/,"9시~18시(평일), 9시~17시(주말)","매주 월요일 / 국가공휴일(단, 일요일과 법정공휴일이 겹칠 경우 휴관), 도서관 사정으로 휴관하는 날",1,공공,지자체,2009,08750,950703.499028505,1943039.20091991,2009.0,2016.0,7300,은천,KE,1,서울특별시 관악구 봉천동 905-29,,,N,서울특별시,관악구,서울,은천동
327,7304,조원도서관,서울특별시 관악구 조원로12길 25,37.4826794,126.9078028,서울특별시,관악구,111192.0,111192.0,02-851-5571,02-851-5573,http://lib.gwanak.go.kr/,"9시~18시(평일), 9시~17시(주말)","매주 월요일 / 국가공휴일(단, 일요일과 법정공휴일이 겹칠 경우 휴관), 도서관 사정으로 휴관하는 날",1,공공,지자체,2011,08766,947643.313095009,1942769.38920154,2011.0,2016.0,7300,조원,KW,1,서울특별시 관악구 조원동 568-27,,,N,서울특별시,관악구,서울,조원동
423,5300,광진정보도서관,서울특별시 광진구 아차산로78길 90,37.5506122,127.10820600000001,서울특별시,광진구,111036.0,111036.0,02-3437-5092,02-3437-0165,http://www.gwangjinlib.seoul.kr/,"평일/ 자료실 09:00~22:00 (어린이실,멀티미디어실 18:00시), 열람실 09:00~23:00 , 주말/ 자료실 09:00~17:00, 열람실 09:00~22:00","매월 둘째주, 넷째주 화요일 / 국경일, 일요일을 제외한 국가지정공휴일, 임시공휴일(단, 일요일과 겹치는 경우 휴관), 장서 점검 및 관장이 필요하다고 인정하는 날",1,공공,지자체,2000,04969,965392.617025178,1950213.51622373,2000.0,2015.0,5300,광진정보,MA,1,서울특별시 광진구 광장동 112,,,Y,서울특별시,광진구,서울,광장동
424,5301,중곡문화체육센터도서관,서울특별시 광진구 능동로 433,37.5677352,127.0825706,서울특별시,광진구,111116.0,111116.0,02-3408-4960,02-3408-4950,http://www.gwangjinlib.seoul.kr/,"평일 09:00 ~ 22:00, 주말 09:00 ~ 17:00","매월 첫째주, 셋째주 월요일 / 국경일, 일요일을 제외한 국가지정공휴일, 임시공휴일(단, 일요일과 겹치는 경우 휴관)",1,공공,지자체,2008,04904,963136.654668223,1952122.96516542,2008.0,2015.0,5300,중곡문화,MD,1,서울특별시 광진구 중곡동 168-8,,,N,서울특별시,광진구,서울,중곡3동
425,5302,자양제4동도서관,서울특별시 광진구 자양4동 63-1,37.5340446,127.0640456,서울특별시,광진구,111115.0,111115.0,02-465-0737,02-465-0739,http://www.gwangjinlib.seoul.kr/,동절기(11월~2월): 09:00~19:00 / 하절기(3월~10월): 09:00~20:00 / 주말공통 09:00~17:00 ※현재 코로나19로 인한 축소운영중입니다. (평일 09:00~18:00 / 주말 09:00~17:00),"매월 첫째주, 셋째주 화요일 / 국경일, 일요일을 제외한 국가지정공휴일, 임시공휴일(단, 일요일과 겹치는 경우 휴관)",1,공공,지자체,2008,05084,961483.363360564,1948392.60885963,2008.0,2015.0,5300,자양4동,MC,1,서울특별시 광진구 구의동 587-29,,,N,서울특별시,광진구,서울,자양4동
426,5303,구의제3동도서관,서울특별시 광진구 구의동 587-29,37.53807020000001,127.0896864,서울특별시,광진구,111305.0,111305.0,02-454-6294,02-454-6295,http://www.gwangjinlib.seoul.kr/,오전 9시,"매월 둘째주, 넷째주 월요일 / 국경일, 일요일을 제외한 국가지정공휴일, 임시공휴일(단, 일요일과 겹치는 경우 휴관), 장서 점검 및 관장이 필요하다고 인정하는 날",1,공공,지자체,2015,05047,963750.690954226,1948829.03261807,2015.0,2015.0,5300,구의3동,MB,1,서울특별시 광진구 자양4동 63-1,,,N,서울특별시,광진구,서울,구의3동
427,8400,도봉문화정보도서관,서울특별시 도봉구 덕릉로 315,37.644055,127.0420503,서울특별시,도봉구,111041.0,111041.0,02-900-1835,02-900-1551,http://www.unilib.dobong.kr/,07:00~23:00,"매주 화요일 / 일요일을 제외한 법정공휴일(단, 공휴일과 일요일이 겹치는 일요일은 휴무)",1,공공,지자체,2001,01485,959599.572356858989224,1960606.97428641,2001.0,2016.0,8400,문화정보,MA,1,서울특별시 도봉구 덕릉로 315 도봉문화정보도서관,,,Y,서울특별시,도봉구,서울,창2동
444,8418,도봉아이나라도서관,서울특별시 도봉구 노해로69길 151,37.659007200000005,127.0494699,서울특별시,도봉구,111189.0,111189.0,02-995-4171,-,http://www.unilib.dobong.kr/,"월,수,목,금 09:00~20:00 / 토,일 09:00~17:00","매주 화요일 / 일요일을 제외한 관공서 공휴일, 기타 도서관장이 정하는 날",1,공공,지자체,2008,01411,960262.103010466089472,1962262.69720587,2008.0,2018.0,8400,아이나라,MB,1,,,,N,서울특별시,도봉구,서울,창4동
446,8420,도봉구립학마을도서관,서울특별시 도봉구 시루봉로 128,37.662109,127.027821,서울특별시,도봉구,111129.0,111129.0,02-955-0655,-,http://www.unilib.dobong.kr/,오전 7시~ 오후 10시,"매주 월요일(단, 제2열람실은 오전 9시부터 오후 6시까지 이용가능, 매월 네번째 월요일은 전체휴관) / 관공서 공휴일, 기타 도서관장이 정하는 날",1,공공,지자체,2009,01359,959896.223522567539476,1960509.08360732,2009.0,2018.0,8400,학마을,MC,1,,,,N,서울특별시,도봉구,서울,방학3동
448,8422,도봉구립무수골도서관,서울특별시 도봉구 도봉로175길 10,37.682958899999996,127.0428608,서울특별시,도봉구,111208.0,111208.0,02-3492-0078,-,http://www.unilib.dobong.kr/,"화~금 09:00-18:00, 토,일 09:00-17:00","매주 월요일 / 법정공휴일 및 정부 지정 임시공휴일, 기타 도서관장이 정하는 날",1,공공,지자체,2011,01305,959692.117866290849634,1964922.88201162,2011.0,2018.0,8400,무수골,MD,1,,,,N,서울특별시,도봉구,서울,도봉1동
449,8424,도봉기적의도서관,서울특별시 도봉구 마들로 797,37.6676581,127.049132,서울특별시,도봉구,111457.0,111457.0,02-3493-7171,-,http://www.unilib.dobong.kr/,평일 09:00 ~ 20:00 / 주말 09:00 ~ 17:00,"매주 화요일 / 법정공휴일, 기타 도서관장이 정하는 날",1,공공,지자체,2015,01320,960236.914165545487776,1963222.6283756,2015.0,2018.0,8400,기적,ME,1,,,,N,서울특별시,도봉구,서울,방학1동
451,8426,둘리도서관,서울특별시 도봉구 시루봉로1길 6,37.6538444,127.0227892,서울특별시,도봉구,111454.0,111454.0,02-990-2200,-,http://www.unilib.dobong.kr/,10:00 ~ 17:30,"매주 월요일 / 법정 공휴일, 기타 도서관장이 정하는 날",1,공공,지자체,2015,01376,957905.86944460333325,1961701.54289202,2015.0,2018.0,8400,둘리,MF,1,,,,N,서울특별시,도봉구,서울,쌍문1동
452,8300,성동구립도서관,서울특별시 성동구 고산자로10길 9,37.559208,127.03496000000001,서울특별시,성동구,111035.0,111035.0,02-2204-6420,02-2299-6449,https://www.sdlib.or.kr/SD/,"09:00~20:00(평일), 09:00~18:00(주말)","매주 월요일 / 정부가 지정한 공휴일, 장서 및 시설 점검 등 관장이 필요하다고 인정하는 날",1,공공,지자체,1999,04744,958927.440923507,1951196.65868891,1999.0,2016.0,8300,성동,MA,1,서울특별시 성동구 행당동 142-4,,,Y,서울특별시,성동구,서울,행당1동
453,8301,성동구립무지개도서관,서울특별시 성동구 고산자로 270,37.563394,127.03674,서울특별시,성동구,111119.0,111119.0,02-2286-6025,02-2286-6027,https://www.sdlib.or.kr/RB,09:00~21:00 ※ 코로나19로 단축 운영 중(화~일요일 09:00~18:00),"매주 월요일 / 법정공휴일, 임시공휴일",1,공공,지자체,2008,04750,959086.941405929,1951660.29700362,2008.0,2016.0,8300,무지개,MB,1,서울특별시 성동구 행당동 7,,,N,서울특별시,성동구,서울,행당1동
454,8302,성동구립금호도서관,서울특별시 성동구 난계로 20,37.554169,127.02488000000001,서울특별시,성동구,111068.0,111068.0,02-2204-6450,02-2282-5448,https://www.sdlib.or.kr/KH/,-,"매주 월요일 / 정부가 지정한 공휴일, 장서 및 시설 점검 등 관장이 필요하다고 인정하는 날",1,공공,지자체,2006,04718,958034.339336376,1950642.06095926,2006.0,2016.0,8300,금호,MC,1,서울특별시 성동구 금호동1가 688,,,N,서울특별시,성동구,서울,금호1가동
455,8303,성동구립용답도서관,서울특별시 성동구 용답중앙3길 10,37.566922,127.05129,서울특별시,성동구,111076.0,111076.0,02-2204-6470,02-2216-3663,https://www.sdlib.or.kr/YD/,화-일 09:00~18:00,"매주 월요일 / 정부가 지정한 공휴일, 장서 및 시설 점검 등 관장이 필요하다고 인정하는 날",1,공공,지자체,2007,04804,960373.808346892,1952045.4754333,2007.0,2016.0,8300,용답,MD,1,서울특별시 성동구 용답동 95-1,,,N,서울특별시,성동구,서울,용답동
456,8304,성동구립성수도서관,서울특별시 성동구 뚝섬로1길 43,37.545305,127.04703,서울특별시,성동구,111344.0,111344.0,02-2204-7590,02-462-7590,https://www.sdlib.or.kr/SS/,화~일 09:00~18:00 - 일반열람실 포함,"매주 월요일 / 국가공휴일, 임시공휴일(장서 및 시설 점검 등 관장이 필요하다고 인정하는 날)",1,공공,지자체,2012,04778,959986.042565675,1949648.99090591,2012.0,2016.0,8300,성수,ME,1,서울특별시 성동구 성수1가1동 656-323 성수문화복지회관 7층,,,N,서울특별시,성동구,서울,성수1가1동
457,8305,성동구립청계도서관,서울특별시 성동구 마장로 141,37.567838,127.02552,서울특별시,성동구,111442.0,111442.0,02-2204-7580,02-2296-7580,https://www.sdlib.or.kr/CG/,화~금 09:00~20:00 / 주말 09:00~18:00,"매주 월요일 / 국가공휴일, 임시공휴일(장서 및 시설 점검 등 관장이 필요하다고 인정하는 날)",1,공공,지자체,2014,04700,958098.524527302,1952158.27959614,2014.0,2016.0,8300,청계,MF,1,서울특별시 성동구 상왕십리동 130-20,,,N,서울특별시,성동구,서울,왕십리도선동
501,9000,송파글마루도서관,서울특별시 송파구 충민로 120,37.480889000000005,127.130358,서울특별시,송파구,111435.0,111435.0,02-449-8855,02-449-7755,https://www.splib.or.kr/spjlib/,어린이실 : 09:00 ~ 18:00 / 일반자료실 : 09:00 ~ 22:00,"매주 월요일 / 법정공휴일(일요일 제외), 기타 도서관 사정에 의해 관장이 정한 날",1,공공,지자체,2013,05812,967318.931705792,1942470.25324389,2013.0,2017.0,9000,글마루,ME,1,,,,Y,서울특별시,송파구,서울,장지동
502,9001,송파어린이도서관,서울특별시 송파구 올림픽로 105,37.5120643,127.08241570000001,서울특별시,송파구,111117.0,111117.0,02-418-0303,02-418-0358,http://www.splib.or.kr/spclib/,오전 9시 ~ 오후 6시,"매주 월요일 / 법정공휴일, 기타 도서관 사정에 의해 관장이 정한 날",1,공공,지자체,2009,05501,963095.546773354639299,1945946.6647082,2009.0,2018.0,9000,어린이,MA,1,,,,N,서울특별시,송파구,서울,잠실2동
503,9002,거마도서관,서울특별시 송파구 거마로2길 19,37.4935096,127.1468394,서울특별시,송파구,111049.0,111049.0,02-449-2332,02-449-5932,https://www.splib.or.kr/spglib/,평일 / 08:00~23:00 휴일 / 08:00~22:00,"매월 둘째주, 넷째주 월요일 / 법정공휴일(일요일 제외), 기타 도서관 사정에 의해 관장이 정한 날",1,공공,지자체,2005,05768,968781.355040377,1943864.82691758,2005.0,2017.0,9000,거마,MB,1,,,,N,서울특별시,송파구,서울,거여2동
504,9003,소나무언덕잠실본동도서관,서울특별시 송파구 탄천동로 205,37.502967,127.077418,서울특별시,송파구,111191.0,111191.0,02-412-0750,02-412-0760,http://www.splib.or.kr/spmlib/,"4월~10월: 09:00~ 19:00, 11월~3월 : 09:00~18:00","매주 월요일 / 법정공휴일, 기타 도서관 사정에 의해 관장이 정한 날",1,공공,지자체,2015,-,962567.358051824,1944942.11462378,2015.0,2018.0,9000,소나무,MC,1,,,,N,서울특별시,송파구,서울,잠실본동
505,9004,송파어린이영어작은도서관,서울특별시 송파구 오금로 1,37.5217861,127.1010378,서울특별시,송파구,111259.0,111259.0,02-415-3567,02-415-3569,http://www.splib.or.kr/spelib/,오전 9시 ~ 오후 6시,"매주 월요일 / 법정공휴일, 기타 도서관 사정에 의해 관장이 정한 날",1,공공,지자체,2015,-,964745.875446496,1947018.09567299,2015.0,2018.0,9000,영어,MD,1,,,,N,서울특별시,송파구,서울,잠실6동
506,9005,돌마리도서관,서울특별시 송파구 백제고분로37길 16,37.5035159,127.10364979999999,서울특별시,송파구,111448.0,111448.0,02-414-7007,02-414-6006,https://www.splib.or.kr/spdlib/,09:00 ~ 22:00,"매주 월요일 / 법정공휴일, 기타 도서관 사정에 의해 관장이 정한 날",1,공공,지자체,2014,05684,964968.146187391,1944990.15872113,2014.0,2017.0,9000,돌마리,MF,1,,,,N,서울특별시,송파구,서울,석촌동
507,9006,가락몰도서관,서울특별시 송파구 양재대로 932,37.492994,127.112326,서울특별시,송파구,111456.0,111456.0,02-3435-0950,02-3435-0959,http://www.splib.or.kr/spalib/,09:00 ~ 18:00,"매주 월요일 / 법정공휴일, 기타 도서관 사정에 의해 관장이 정한 날",1,공공,사립,2016,05699,965730.196754067437723,1943819.6303548,2016.0,2018.0,9000,가락몰,MG,1,,,,N,서울특별시,송파구,서울,가락1동
509,9009,소나무언덕2호작은도서관,서울특별시 송파구 석촌호수로 155,37.5072203,127.0942233,서울특별시,송파구,111114.0,111114.0,02-424-0083,02-424-0788,http://www.splib.or.kr/sp2lib/,-,"매주 월요일 / 법정공휴일, 기타 도서관 사정에 의해 관장이 정한 날",1,공공,지자체,2009,05607,964136.743002628325485,1945404.68842712,2009.0,2018.0,9000,2호,BB,1,,,,N,서울특별시,송파구,서울,잠실3동
510,9010,소나무언덕3호작은도서관,서울특별시 송파구 성내천로 319,37.4923005,127.1566327,서울특별시,송파구,111173.0,111173.0,02-443-0130,02-443-0134,https://www.splib.or.kr/sp3lib/,9:00~22:00,"매주 월요일 / 법정공휴일, 기타 도서관 사정에 의해 관장이 정한 날",1,공공,지자체,2009,05761,969646.575349371,1943727.48277691,2009.0,2017.0,9000,3호,BC,1,,,,N,서울특별시,송파구,서울,마천1동
573,17000,중랑구립정보도서관,서울특별시 중랑구 신내로15길 197,37.6151557,127.0868682,서울특별시,중랑구,111034.0,111034.0,02-490-9113,02-490-9140,http://www.jungnanglib.seoul.kr/jnlib/,동절기(11~2월) : 08:00~23:00/ 하절기(3~10월) : 07:00~23:00,"매월 둘째주, 넷째주 월요일 / 일요일을 제외한 법정공휴일 및 근로자의 날(5월 1일), 창립기념일(12월 1일), 도서관 사정에 의한 임시휴관일, 단, 다섯째주 월요일은 정상운영",1,공공,지자체,1999,02041,963539.32081701,1957382.3605536,1999.0,2017.0,17000,정보,MA,1,,,,Y,서울특별시,중랑구,서울,묵1동
574,17001,중랑구립면목정보도서관,서울특별시 중랑구 면목로 397,37.58719179999999,127.0876595,서울특별시,중랑구,111060.0,111060.0,02-432-4123,02-432-4126,http://www.jungnanglib.seoul.kr/mmlib/,0.333333333333333,"매월 첫째주, 셋째주 월요일 / 일요일을 제외한 법정공휴일 및 근로자의 날(5월 1일), 창립기념일(12월 1일), 도서관 사정에 의한 임시휴관일, 단, 다섯째주 월요일은 정상운영",1,공공,지자체,2005,02219,963595.533184947,1954279.59052232,2005.0,2017.0,17000,면목,MB,1,,,,N,서울특별시,중랑구,서울,면목본동
575,17016,중랑숲어린이도서관,서울특별시 중랑구 망우로73길 46-1,37.6024771,127.10526159999999,서울특별시,중랑구,111311.0,111311.0,02-6235-1150,02-437-1150,http://www.jungnanglib.seoul.kr/suplib/,(화~금)09:00~18:00(토~일)09:00~17:00,"매주 월요일 / 일요일을 제외한 법정공휴일 및 근로자의 날(5월 1일), 창립기념일(12월 1일), 도서관 사정에 의한 임시휴관일",1,공공,지자체,2012,02065,965156.711005381,1955968.74338296,2012.0,2017.0,17000,중랑숲어린이,MD,1,,,,N,서울특별시,중랑구,서울,망우본동
620,5400,가온도서관,서울특별시 중구 동호로 14길 18,37.556388500000004,127.01086869999999,서울특별시,중구,111108.0,111108.0,02-2230-2921,02-2285-4607,https://www.e-junggulib.or.kr/,-,매주 월요일 / 법정공휴일,1,공공,지자체,2008,04607,956798.044670621,1950894.65027601,2008.0,2015.0,5400,가온,SJGL,1,서울특별시 중구 신당동 425-11,,,Y,서울특별시,중구,중구,다산동
621,5402,어울림도서관,서울특별시 중구 신당동 52-164,37.5617028,127.0189101,서울특별시,중구,111220.0,111220.0,02-2230-2901,02-2285-4609,https://www.e-junggulib.or.kr/,"어린이실 - 10:00~20:00(평일) 10:00~18:00(주말), 종합자료실 및 열람실 - 10:00~20:00(평일 및 주말)",매주 월요일 / 일요일을 제외한 법정공휴일,1,공공,지자체,2011,04584,957511.314219415,1951480.57846633,2011.0,2015.0,5400,어울림,SSG,1,,,,N,서울특별시,중구,중구,동화동
622,5403,남산타운문화센터 어린이도서관,서울특별시 중구 다산로32,37.5495114,127.0119,서울특별시,중구,111180.0,111180.0,02-2230-2941,02-2285-4608,https://www.e-junggulib.or.kr/,평일 : 오전 10:00 ~ 오후 08:00 / 주말 : 오전 10:00 ~ 오후 06:00,"매월 첫째주, 셋째주, 다섯째주 월요일, 매월 둘째주, 넷째주 일요일 / 공휴일",1,공공,지자체,2011,04595,956885.171950815,1950131.19908014,2011.0,2015.0,5400,남산타운,STC,1,,,,N,서울특별시,중구,중구,약수동
627,8427,쌍문채움도서관,서울특별시 도봉구 우이천로 340,37.649205200000004,127.02306670000002,서울특별시,도봉구,111496.0,111496.0,02-998-0910,02-998-0917,http://www.unilib.dobong.kr,"평일 09:00~20:00, 주말 09:00~17:00",매주 월요일 / 법정 공휴일,1,공공,지자체,,01450,957927.73026701,1961186.71535814,,2021.0,8400,쌍문채움,MG,1,,,,N,서울특별시,도봉구,서울,쌍문1동
637,10400,마포중앙도서관,서울특별시 마포구 성산로 128,37.563328799999994,126.9078837,서울특별시,마포구,111467.0,111467.0,02-3153-5800,02-3153-5849,https://mplib.mapo.go.kr/mcl/,코로나19로 임시운영중입니다. 자세한 운영시간은 홈페이지 참고 또는 전화문의 바랍니다.,"매주 월요일 / 관공서의 휴관일 및 국가가 정한 임시 공휴일, 기타 장서점검이나 공사 등의 이유로 관장이 필요하다고 인정하는 경우",1,공공,지자체,2017,03965,947706.788060943,1951716.96122766,2017.0,2018.0,10400,중앙,HQ,1,,,,Y,서울특별시,마포구,용산,성산1동
638,10401,마포구립서강도서관,서울특별시 마포구 독막로 165,37.547683299999996,126.93202859999998,서울특별시,마포구,111086.0,111086.0,02-3141-7053,02-3141-7059,https://mplib.mapo.go.kr/sglib/,코로나19로 임시운영중입니다. 자세한 운영시간은 홈페이지 참고 또는 전화문의 바랍니다.,"매주 화요일 / 일요일을 제외한 법정공휴일, 도서관의 보수공사 등으로 부득이 휴관하여야 할 경우, 장서 점검 및 시설점검 등 운영상 부분적으로 휴실할 필요가 있는 경우, 기타 관장이 필요하다고 인정할 경우",1,공공,지자체,2008,04099,949828.693762913,1949968.00851412,2008.0,2018.0,10400,서강,MA,1,,,,N,서울특별시,마포구,용산,서강동
639,10402,마포구립하늘도서관,서울특별시 마포구 월드컵로 212,37.56631229999999,126.9020797,서울특별시,마포구,111436.0,111436.0,02-3153-6260,-,https://mplib.mapo.go.kr/skylib/,월요일~금요일 10:00~20:00(14:00~15:00는 방역시간으로 대출반납 불가),"매주 토요일, 일요일 / 법정공휴일",1,공공,지자체,2015,03937,947196.304482934,1952051.21229286,2015.0,2018.0,10400,하늘,MD,1,,,,N,서울특별시,마포구,용산,성산2동
644,10407,마포푸르메어린이도서관,서울특별시 마포구 월드컵북로 494,37.5697271,126.90299309999999,서울특별시,마포구,111462.0,111462.0,02-6070-9286,-,https://mplib.mapo.go.kr/purme/,-,매주 일요일 / 법정공휴일,1,공공,지자체,2017,03918,947279.376604703,1952429.55607944,2017.0,2018.0,10400,푸르메,HK,1,,,,N,서울특별시,마포구,용산,성산2동
651,4528,강남구립못골한옥어린이도서관,서울특별시 강남구 자곡로 7길 3,37.473163,127.099305,서울특별시,강남구,111474.0,111474.0,02-2226-5930,02-2226-5931,https://library.gangnam.go.kr/hchildlib,-,매주 월요일 / 일요일을 제외한 법정공휴일,1,공공,지자체,2017,06372,964569.791776285,1941624.33910317,2017.0,2018.0,4500,한옥어린이,ME,1,,,,N,서울특별시,강남구,서울,세곡동
652,4529,강남구립못골도서관,서울특별시 강남구 자곡로 116,37.471524,127.096698,서울특별시,강남구,111479.0,111479.0,02-459-5522,-,https://library.gangnam.go.kr/mglib,-,매주 화요일 / 법정공휴일,1,공공,지자체,2018,06373,964338.496225483,1941443.48778062,2018.0,2018.0,4500,못골,MD,1,,,,N,서울특별시,강남구,서울,세곡동
653,10500,은평구립도서관,서울특별시 은평구 통일로78가길 13-84,37.6192,126.928243,서울특별시,은평구,111042.0,111042.0,02-385-1671,02-388-9451,http://www.eplib.or.kr/,주중 : 09시~22시 주말 : 09시~18시,"매주 월요일 / 일요일을 제외한 법정공휴일, 기타 도서관 사정에 의한 임시 휴관일",1,공공,지자체,2001,03352,949542.586676834,1957904.50171923,2001.0,2018.0,10500,은평,MA,1,,,,Y,서울특별시,은평구,강북,불광1동
654,10504,은평구립증산정보도서관,서울특별시 은평구 증산로5길 6,37.582972999999996,126.90754299999999,서울특별시,은평구,111110.0,111110.0,02-307-6030,02-307-6020,http://www.jsplib.or.kr/,오전 8시 ~ 오후 10시,"매주 금요일 / 일요일을 제외한 법정공휴일, 장서 점검 및 관장이 필요하다고 인정하는 날, 기타 도서관 사정에 의한 임시 휴관일",1,공공,지자체,2008,03499,947690.441005294,1953896.58754961,2008.0,2018.0,10500,증산,MB,1,,,,N,서울특별시,은평구,강북,증산동
655,10505,은평구립응암정보도서관,서울특별시 은평구 가좌로7길 15,37.586221,126.91962099999999,서울특별시,은평구,111124.0,111124.0,02-308-2320,02-308-2339,http://www.ealib.or.kr/,09:00~22:00,"매주 금요일 / 일요일을 제외한 법정공휴일, 도서관의 보수공사 등으로 부득이 휴관하여야 할 경우, 장서 점검 및 시설점검 등 운영상 부분적으로 휴실할 필요가 있는 경우, 기타 관장이 필요하다고 인정할 경우",1,공공,지자체,2009,03481,948759.074803473,1954250.28205318,2009.0,2018.0,10500,응암,MC,1,,,,N,서울특별시,은평구,강북,응암3동
656,10506,구립상림도서관,서울특별시 은평구 진관4로 48-25,37.644362,126.92886000000001,서울특별시,은평구,111126.0,111126.0,02-383-7557,02-353-7557,http://www.eplib.or.kr/intro/lib01.asp,오전 9:00~오후 6:00,"매주 월요일 / 법정공휴일, 기타 도서관 사정에 의한 임시 휴관일",1,공공,지자체,2015,03303,949614.029029743,1960695.80708685,2015.0,2018.0,10500,상림,MD,1,,,,N,서울특별시,은평구,강북,진관동
660,10510,은평뉴타운도서관,서울특별시 은평구 진관2로 111-51,37.636592,126.93165400000001,서울특별시,은평구,111452.0,111452.0,02-6341-6400,02-6341-6419,http://www.enlib.or.kr/,평일 09시~22시/주말 09시~18시,"매주 금요일 / 일요일을 제외한 법정공휴일, 장서 점검 및 관장이 필요하다고 인정하는 날, 기타 도서관 사정에 의한 임시 휴관일",1,공공,지자체,2015,03306,949855.295377276,1959832.25425246,2015.0,2018.0,10500,뉴타운,MH,1,,,,N,서울특별시,은평구,강북,진관동
669,10519,은평구립구산동도서관마을,서울특별시 은평구 연서로13길 29-23,37.609945,126.91294199999999,서울특별시,은평구,111458.0,111458.0,02-357-0100,02-356-9393,http://www.gsvlib.or.kr/,"09:00~22:00(평일), 09:00~18:00(주말)","매주 월요일, 일요일을 제외한 법정공휴일, 장서 점검 및 관장이 필요하다고 인정하는 날, 기타 도서관 사정에 의한 임시 휴관일",1,공공,지자체,2015,03414,948185.843674621,1956886.02928511,2015.0,2018.0,10500,구산,MI,1,,,,N,서울특별시,은평구,강북,구산동
671,10820,송중문화정보도서관,서울특별시 강북구 도봉로20나길 6,37.6182711,127.0299121,서울특별시,강북구,111174.0,111174.0,02-944-3160,02-944-3169,https://www.gblib.or.kr/songjung/,-,"매월 첫째주, 셋째주 월요일 / 정부지정 공휴일, 특별한 사유로 관장이 필요하다고 인정한 경우",1,공공,지자체,2010,01165,958514.400810025,1957751.64864088,2010.0,2018.0,10800,송중,MD,1,,,,N,서울특별시,강북구,강북,송중동
672,10819,삼각산어린이도서관,서울특별시 강북구 삼양로19길 34,37.6151806,127.02069740000002,서울특별시,강북구,111465.0,111465.0,02-944-3190,02-987-0999,https://www.gblib.or.kr/kids/,평일 09:00 ~ 18:00 / 주말 09:00~17:00,"매월 둘째주, 넷째주 월요일 / 정부지정 공휴일, 특별한 사유로 관장이 필요하다고 인정한 경우",1,공공,지자체,2017,01199,957699.441200497,1957412.88312816,2017.0,2018.0,10800,삼각산,MH,1,,,,N,서울특별시,강북구,강북,삼각산동
673,10816,수유문화정보도서관,서울특별시 강북구 삼양로 299,37.6300001,127.017532,서울특별시,강북구,111182.0,111182.0,02-944-3170,02-944-3179,https://www.gblib.or.kr/suyu/,-,"매월 첫째주, 셋째주 월요일 / 정부지정 공휴일, 특별한 사유로 관장이 필요하다고 인정한 경우",1,공공,지자체,2010,01103,957428.531003948,1959058.47796738,2010.0,2018.0,10800,수유,ME,1,,,,N,서울특별시,강북구,강북,수유1동
674,10809,미아문화정보도서관,서울특별시 강북구 솔매로49길 14,37.62697670000001,127.02693500000001,서울특별시,강북구,111383.0,111383.0,02-944-3180,02-944-3189,https://www.gblib.or.kr/mia/,07:00~22:00,"매월 둘째주, 넷째주 월요일 / 정부지정 공휴일, 특별한 사유로 관장이 필요하다고 인정한 경우",1,공공,지자체,2013,01133,958256.536298937,1958718.81946521,2013.0,2018.0,10800,미아,MG,1,,,,N,서울특별시,강북구,강북,미아동
675,10802,솔샘문화정보도서관,서울특별시 강북구 솔샘로 177,37.6204314,127.0123883,서울특별시,강북구,111052.0,111052.0,02-944-3150,02-944-3159,https://www.gblib.or.kr/solsem/,"자료실:평일 09:00-18:00, 주말 09:00-17:00 / 열람실:07:00-22:00","매월 첫째주, 셋째주 월요일 / 정부지정 공휴일, 특별한 사유로 관장이 필요하다고 인정한 경우",1,공공,지자체,2005,01187,956969.148390091,1957999.21461447,2005.0,2018.0,10800,솔샘,MC,1,,,,N,서울특별시,강북구,강북,삼양동
676,10801,강북청소년문화정보도서관,서울특별시 강북구 삼양로54길 68,37.6230299,127.02156709999998,서울특별시,강북구,111038.0,111038.0,02-944-3140,02-944-3149,https://www.gblib.or.kr/youth/,0.291666666666667,"매월 둘째주, 넷째주 월요일 / 정부지정 공휴일, 특별한 사유로 관장이 필요하다고 인정한 경우",1,공공,지자체,2001,01167,957780.635367856,1958283.33908024,2001.0,2018.0,10800,청소년,MB,1,,,,N,서울특별시,강북구,강북,송천동
677,10800,강북문화정보도서관,서울특별시 강북구 오현로 145,37.6248352,127.03608229999999,서울특별시,강북구,111037.0,111037.0,02-944-3100,02-944-3139,https://www.gblib.or.kr/gangbuk/,07:00~23:00,"매월 둘째주, 넷째주 월요일 / 정부지정 공휴일, 특별한 사유로 관장이 필요하다고 인정한 경우",1,공공,지자체,2001,01151,959062.528176264,1958477.1992223,2001.0,2018.0,10800,강북,MA,1,,,,Y,서울특별시,강북구,강북,번2동
688,9015,송파위례도서관,서울특별시 송파구 위례광장로 210,37.4811885,127.14192209999999,서울특별시,송파구,111472.0,111472.0,02-402-3003,02-402-3041,http://www.splib.or.kr/spwlib/,-,"매주 월요일 / 법정공휴일, 기타 도서관 사정에 의해 관장이 정한 날",1,공공,지자체,2017,05849,968341.47557558,1942499.52965532,2017.0,2018.0,9000,위례,MH,1,,,,N,서울특별시,송파구,서울,위례동
729,109,월곡꿈그림도서관,서울특별시 성북구 화랑로13길 17,37.6045234,127.0411906,서울특별시,성북구,111464.0,111464.0,02-6949-1553,02-2178-9210,https://www.sblib.seoul.kr/wglib/,"평일, 주말 09:00~18:00 (수, 금요일의 경우 20:00까지 연장개관)","매주 월요일 / 일요일을 제외한 법정 공휴일, 도서관 사정에 의한 임시휴관일에는 부득이하게 모든 열람실의 문을 닫으며, 긔 외의 날은 개관합니다, 기타 관장이 필요하다고 인정하는 경우",1,공공,지자체,2017,02748,959502.287922557,1956221.47599019,2017.0,2018.0,100,월곡,MK,1,,,,N,서울특별시,성북구,서울,월곡2동
730,110,아리랑어린이도서관,서울특별시 성북구 아리랑로 75,37.599106799999994,127.01379479999999,서울특별시,성북구,111468.0,111468.0,02-3291-4992,-,https://www.sblib.seoul.kr/arclib/,09:00~18:00,"매월 둘째주, 넷째주 월요일 / 일요일을 제외한 법정 공휴일, 도서관 사정에 의한 임시휴관일에는 부득이하게 모든 열람실의 문을 닫으며, 긔 외의 날은 개관합니다, 기타 관장이 필요하다고 인정하는 경우",1,공공,지자체,2017,02826,957081.017640661,1955632.69719935,2017.0,2018.0,100,어린이,ML,1,,,,N,서울특별시,성북구,서울,돈암2동
731,4422,서초구립내곡도서관,서울특별시 서초구 청계산로7길 9-20,37.433058200000005,127.0889946,서울특별시,서초구,111476.0,111476.0,02-3461-3007,-,http://naegok.seocholib.or.kr/,(평일) 09:00-22:00 (주말) 09:00-18:00,"매주 월요일 / 법정 공휴일, 임시 공휴일, 도서관장이 필요하다고 인정한 경우",1,공공,지자체,2018,06799,963638.713377013,1937178.94080191,2018.0,2018.0,4400,내곡,AC,1,,,,N,서울특별시,서초구,서울,신원동
761,10520,내를건너서숲으로도서관,서울특별시 은평구 증산로17길 50,37.5913717,126.9078047,서울특별시,은평구,111482.0,111482.0,02-307-6701,02-307-6703,http://www.nslib.or.kr/,"평일 : 09시-21시(어린이자료실은 09시-20시), 주말 : 09시-18시","매주월요일 / 법정(임시)공휴일, 기타 도서관 사정에 의한 임시휴관일",1,공공,-,2018,-,947719.826985057,1954892.45296655,2018.0,2018.0,10500,숲으로,MR,1,,,,N,서울특별시,은평구,강북,신사2동
788,17027,양원숲속도서관,서울특별시 중랑구 송림길 172,37.6066977,127.1101168,서울특별시,중랑구,111478.0,111478.0,02-432-0710,,http://www.jungnanglib.seoul.kr/ywlib,"평일 09:00~18:00, 토 09:00~17:00, 일 10:00~17:00",매주 월요일 / 법정공휴일,1,공공,지자체,,02062,965587.222285281,1956435.20834095,,2021.0,17000,양원숲속,ME,1,,,,N,서울특별시,중랑구,서울,망우본동
825,26000,금천구립가산도서관,서울특별시 금천구 가산로5길 43,37.4734504,126.89212739999999,서울특별시,금천구,111077.0,111077.0,02-865-6817,02-865-6820,http://geumcheonlib.seoul.kr,09:00 ~ 22:00,"매월 두번째, 네번째 월요일 / 법정공휴일",1,공공,,,08521,946250.813540195,1941754.32057386,,2019.0,26000,가산,BR,1,,,,Y,서울특별시,금천구,금천,가산동
826,26001,금천구립독산도서관,서울특별시 금천구 독산로54길 114,37.467448100000006,126.9080502,서울특별시,금천구,111040.0,111040.0,02-863-9544,02-863-9548,http://geumcheonlib.seoul.kr,09:00 ~ 22:00,"매월 첫번째, 세번째 월요일 / 법정공휴일",1,공공,,,08560,947654.563863572,1941079.43448336,,2019.0,26000,독산,MA,1,,,,N,서울특별시,금천구,금천,독산4동
827,26002,금천구립시흥도서관,서울특별시 금천구 금하로 764,37.4524516,126.90703570000001,서울특별시,금천구,111434.0,111434.0,02-809-8242,02-809-8246,http://geumcheonlib.seoul.kr,09:00 ~ 22:00,"매월 첫번째, 세번째 금요일 / 법정공휴일",1,공공,,,08645,947554.379124936,1939416.2353604,,2019.0,26000,시흥,CB,1,,,,N,서울특별시,금천구,금천,시흥5동
828,26003,금천구립금나래도서관,서울특별시 금천구 시흥대로73길 70,37.4567667,126.8954005,서울특별시,금천구,111113.0,111113.0,02-2627-2991,02-2627-2995,http://geumcheonlib.seoul.kr,09:00 ~ 22:00,매월 마지막주 일요일 / 법정공휴일,1,공공,,,08611,946528.348598472,1939901.50757911,,2019.0,26000,금나래,NR,1,,,,N,서울특별시,금천구,금천,시흥1동
835,26300,용산꿈나무도서관,"서울특별시 용산구 백범로 329, 3층",37.538551299999995,126.96542679999999,서울특별시,용산구,111473.0,111473.0,02-707-0138,02-707-0570,https://www.yslibrary.or.kr/dream,"평일: 09:00~21:00, 주말: 09:00~17:00",매주 월요일,1,공공,,,04316,952773.160127042,1948937.56205997,,2019.0,26300,용산꿈나무,MA,1,,,,Y,서울특별시,용산구,용산,원효로1동
836,26301,청파도서관,"서울특별시 용산구 청파로93길 27, 1층",37.5538955,126.9675303,서울특별시,용산구,111120.0,111120.0,02-714-3931,02-719-3932,https://www.yslibrary.or.kr/cheongpa,"평일: 09:00~21:00, 주말: 09:00~17:00",매주 월요일,1,공공,,,04300,952968.636494467,1950638.86623167,,2019.0,26300,청파,MB,1,,,,N,서울특별시,용산구,용산,청파동
853,25900,노원정보도서관,서울특별시 노원구 노원로34길 43,37.66106129999999,127.0649973,서울특별시,노원구,111058.0,111058.0,02-950-0050,02-950-0059,http://www.nowonlib.kr,"하절기(3월~10월) 7:00~23:00, 동절기(11월~2월) 8:00~23:00","매월 첫째주, 셋째주 월요일",1,공공,,,01678,961632.7231,1962484.126,,2019.0,25900,정보,A0000000,1,,,,Y,서울특별시,노원구,강북,상계10동
854,25901,노원어린이도서관,서울특별시 노원구 한글비석로 346,37.6580084,127.07628400000002,서울특별시,노원구,111047.0,111047.0,02-933-7145,02-933-7133,http://www.nowonlib.kr,평일 09:00~18:00 / 주말 09:00~17:00,"매월 둘째주, 넷째주 월요일",1,공공,,,01715,962626.6853,1962140.86,,2019.0,25900,어린이,B0000000,1,,,,N,서울특별시,노원구,강북,중계4동
855,25902,월계문화정보도서관,서울특별시 노원구 월계로 319,37.6286048,127.0561075,서울특별시,노원구,111085.0,111085.0,02-991-0871,02-991-0882,http://www.nowonlib.kr,"하절기(3월~10월) 7:00~23:00, 동절기(11월~2월) 8:00~23:00","매월 첫째주, 셋째주 월요일 / 법정공휴일(단, 일요일과 공휴일이 겹치는 경우 휴관)",1,공공,,,01880,960831.5986,1958886.874,,2019.0,25900,월계문화,C0000000,1,,,,N,서울특별시,노원구,강북,월계2동
856,25903,상계문화정보도서관,서울특별시 노원구 동일로243길 57,37.6784183,127.0518501,서울특별시,노원구,111307.0,111307.0,02-3391-7882,02-3391-0990,http://www.nowonlib.kr,"하절기(3월~10월) 7:00~23:00, 동절기(11월~2월) 8:00~23:00","매월 둘째주, 넷째주 월요일",1,공공,,,01605,960482.3378,1964415.289,,2019.0,25900,상계문화,F0000000,1,,,,N,서울특별시,노원구,강북,상계1동
857,25904,불암도서관,서울특별시 노원구 중계로 106,37.6452276,127.0825682,서울특별시,노원구,111485.0,111485.0,02-935-0721,070-4275-1724,http://www.nowonlib.kr,평일 09:00~20:00 / 주말 09:00~17:00,"매월 첫째주, 셋째주 월요일",1,공공,,,01728,963174.6667,1960720.392,,2019.0,25900,불암,H0000000,1,,,,N,서울특별시,노원구,강북,중계본동
874,26500,강동구립성내도서관,서울특별시 강동구 성안로 106-1,37.532796399999995,127.1333283,서울특별시,강동구,111078.0,111078.0,02-471-0044,02-471-1072,http://www.gdlibrary.or.kr/snlib,평일 : 9시 ~ 18시 (종합자료실 18시) / 주말 9시 ~17시,매주 월요일 / 법정공휴일(일요일 제외),1,공공,,,05374,967603.9842,1948228.008,,2019.0,26500,성내,MA,1,,,,Y,서울특별시,강동구,강동,성내3동
875,26501,강동구립해공도서관,서울특별시 강동구 올림픽로 702,37.5443685,127.126709,서울특별시,강동구,111101.0,111101.0,02-478-9656,02-478-9658,http://www.gdlibrary.or.kr/hglib,평일 : 9시 ~ 18시 (종합자료실 22시) / 주말 9시 ~17시,매주 화요일 / 법정공휴일(일요일 제외),1,공공,,,05324,967024.2531,1949514.164,,2019.0,26500,해공,BR,1,,,,N,서울특별시,강동구,강동,천호2동
876,26504,강동구립강일도서관,"서울특별시 강동구 아리수로93길 9-14, 5층",37.5650504,127.1738009,서울특별시,강동구,111125.0,111125.0,02-427-4004,02-427-0588,http://www.gdlibrary.or.kr/gilib,평일 : 9시 ~ 18시 (종합자료실 20시) / 주말 9시 ~17시,매주 화요일 / 법정공휴일(일요일 제외),1,공공,,,05211,971192.2281,1951793.225,,2019.0,26500,강일,MB,1,,,,N,서울특별시,강동구,강동,강일동
877,26505,강동구립암사도서관,서울특별시 강동구 고덕로20길 42,37.552800700000006,127.13334569999999,서울특별시,강동구,111176.0,111176.0,02-429-0476,02-429-0471,http://www.gdlibrary.or.kr/aslib,평일 : 9시 ~ 18시 (종합자료실 22시) / 주말 9시 ~17시,매주 월요일 / 법정공휴일(일요일 제외),1,공공,,,05253,967614.1759,1950447.36,,2019.0,26500,암사,MC,1,,,,N,서울특별시,강동구,강동,암사1동
878,26506,강동구립천호도서관,"서울특별시 강동구 성안로 31마길 1, 2층",37.5408046,127.1338987,서울특별시,강동구,111470.0,111470.0,02-488-7223,02-488-7225,http://www.gdlibrary.or.kr/chlib,평일 : 9시 ~ 18시 / 주말 9시 ~17시,매주 월요일 / 법정공휴일(일요일 제외),1,공공,,,05332,967657.839,1949116.273,,2019.0,26500,천호,MD,1,,,,N,서울특별시,강동구,강동,천호3동
899,1224,동대문책마당도서관,서울특별시 동대문구 천호대로 145,37.5742015,127.0398327,서울특별시,동대문구,711427.0,711427.0,02-2127-4116,02-2127-5218,https://www.l4d.or.kr/intro/index.do,평일 9:00~18:00,"매주 토요일, 일요일 / 법정공휴일",1,공공,-,,02565,959365.94807391,1952857.99166431,,2020.0,1200,책마당,SN,1,,,,N,서울특별시,동대문구,서울,용신동
900,1226,배봉산 숲속도서관,서울특별시 동대문구 전농로16길 97,37.5794335,127.0658492,서울특별시,동대문구,111490.0,111490.0,02-2212-8502,02-2212-8547,https://www.l4d.or.kr/intro/index.do,09:00~22:00,매주 월요일 / 법정공휴일,1,공공,지자체,,02508,961665.97137489,1953427.52211052,,2020.0,1200,배봉산,SP,1,,,,N,서울특별시,동대문구,서울,전농2동
1036,5305,자양한강도서관,서울특별시 광진구 뚝섬로52길 66,37.5296093,127.07797240000002,서울특별시,광진구,111495.0,111495.0,02-456-0048,02-456-0062,https://www.gwangjinlib.seoul.kr/jyriver/index.do,"평일 09:00~20:00, 주말 09:00~17:00","매월 둘째주, 넷째주 월요일 / 법정공휴일",1,공공,지자체,,05110,962711.59603965,1947894.92594866,,2020.0,5300,자양한강,MF,1,,,,N,서울특별시,광진구,서울,자양2동
1047,8306,성동구립숲속도서관,서울특별시 성동구 매봉길 49-29,37.5459681,127.0125058,서울특별시,성동구,111499.0,111499.0,02-2204-6485,,https://www.sdlib.or.kr/fore,"코로나19로 단축운영: 평일 10:00~18:00, 주말 10:00~18:00",매주 월요일 / 법정공휴일,1,공공,지자체,,04731,956936.645383836,1949737.81137263,,2021.0,8300,숲속,MG,1,,,,N,서울특별시,성동구,서울,옥수동
1050,10521,은평구립은뜨락도서관,서울특별시 은평구 통일로 972,37.612399200000006,126.9292744,서울특별시,은평구,111491.0,111491.0,02-389-7635,02-389-7638,http://www.edlib.or.kr/,"평일 9:00~21:00(어린이자료실 ~20:00, 꿈뜨락 ~18:00), 주말 9:00~18:00",매주 월요일 / 법정공휴일,1,공공,지자체,,03311,949629.02069983,1957149.42446228,,2020.0,10500,은뜨락,MU,1,,,,N,서울특별시,은평구,강북,불광1동
1051,27700,사당솔밭도서관,서울특별시 동작구 솔밭로 86,37.4840674,126.96738490000001,서울특별시,동작구,111439.0,111439.0,02-585-8411,02-585-8413,https://lib.dongjak.go.kr/,"평일 (종합자료실)09:00~22:00, (어린이자료실)09:00~18:00, 주말 09:00~17:00",매주 월요일 / 법정공휴일,1,공공,지자체,,07019,952911.93323264,1942891.91272029,,2020.0,27700,사당솔밭,MA,1,,,,Y,서울특별시,동작구,기상청,사당5동
1052,27702,동작어린이도서관,서울특별시 동작구 장승배기로16길 98,37.5091646,126.9434213,서울특별시,동작구,111102.0,111102.0,02-823-6750,02-823-1906,https://lib.dongjak.go.kr/,"평일 09:00~18:00, 주말 09:00~17:00",매주 월요일 / 법정공휴일,1,공공,지자체,,06926,950809.77875476,1945688.55002303,,2020.0,27700,동작어린이,MC,1,,,,N,서울특별시,동작구,기상청,노량진2동
1053,27703,대방어린이도서관,서울특별시 동작구 대방동길 55,37.5029826,126.92515590000001,서울특별시,동작구,111443.0,111443.0,02-813-6740,02-813-6741,https://lib.dongjak.go.kr/,"평일 09:00~18:00, 주말 09:00~17:00",매주 월요일 / 법정공휴일,1,공공,지자체,,06945,949191.28578552,1945012.39819189,,2020.0,27700,대방어린이,MD,1,,,,N,서울특별시,동작구,기상청,대방동
1054,27704,약수도서관,서울특별시 동작구 양녕로22바길 64,37.4978365,126.9474396,서울특별시,동작구,111107.0,111107.0,02-823-1907,02-823-1908,https://lib.dongjak.go.kr/,"평일 09:00~18:00, 주말 09:00~17:00",매주 월요일 / 법정공휴일,1,공공,지자체,,07036,951157.53824788,1944429.67159308,,2020.0,27700,약수,MF,1,,,,N,서울특별시,동작구,기상청,상도4동
1058,27734,구립김영삼도서관,서울특별시 동작구 매봉로 1,37.5053584,126.949863,서울특별시,동작구,111502.0,111502.0,02-827-0557,02-827-0559,https://lib.dongjak.go.kr,"평일(종합자료실) 09:00~22:00, (어린이자료실)09:00~18:00, 주말 09:00~17:00 *현재는 코로나로 인한 도서관 단축운영으로 09:00~18:00까지 운영합니다",매주 월요일 / 법정공휴일,1,공공,지자체,,06919,951376.629686572,1945262.92649168,,2021.0,27700,김영삼,MK,1,,,,N,서울특별시,동작구,기상청,상도1동
1059,28200,서대문구립이진아기념도서관,서울특별시 서대문구 독립문공원길 80,37.5743009,126.95591780000001,서울특별시,서대문구,111051.0,111051.0,02-360-8600,02-360-8610,http://lib.sdm.or.kr,"평일 09:00~22:00, 주말 09:00~17:00",매주 월요일 / 법정공휴일,1,공공,지자체,,03732,951956.03973864,1952908.619706,,2020.0,28200,이진아,MA,1,,,,Y,서울특별시,서대문구,서대문,천연동
1060,28201,홍은도담도서관,서울특별시 서대문구 홍은중앙로 129,37.6017786,126.94899270000002,서울특별시,서대문구,111252.0,111252.0,02-360-8640,02-395-8650,http://lib.sdm.or.kr,"평일 09:00~22:00, 주말 09:00~17:00",매주 금요일 / 법정공휴일,1,공공,지자체,,03600,951362.41300955,1955960.713990,,2020.0,28200,홍은도담,MC,1,,,,N,서울특별시,서대문구,서대문,홍은1동
1061,28202,남가좌새롬어린이도서관,서울특별시 서대문구 증가로10길 16-15,37.578291799999995,126.92403459999998,서울특별시,서대문구,111179.0,111179.0,02-360-8670,02-304-0084,http://lib.sdm.or.kr,"평일 09:00~22:00, 주말 09:00~17:00",매주 월요일 / 법정공휴일,1,공공,지자체,,03665,949143.35565330,1953368.173221,,2020.0,28200,새롬어린이,MB,1,,,,N,서울특별시,서대문구,서대문,남가좌2동
1076,28100,구로꿈나무어린이도서관,서울특별시 구로구 구로동로26길 54,37.4898684,126.8872465,서울특별시,구로구,111099.0,111099.0,02-830-1623,02-857-9991,https://lib.guro.go.kr,"평일 10:00~19:00(동절기 10:00~18:00), 주말 10:00~17:00",매주 화요일 / 법정공휴일,1,공공,지자체,,08311,945831.08542985,1943578.5954168,,2020.0,28100,꿈나무,111099,1,,,,Y,서울특별시,구로구,구로,구로4동
1077,28101,꿈마을도서관,서울특별시 구로구 디지털로27다길 65,37.487173799999994,126.89025919999999,서울특별시,구로구,111100.0,111100.0,02-830-5807,02-830-5839,https://lib.guro.go.kr,"평일 09:00~22:00, 주말 09:00~17:00",매주 월요일 / 법정공휴일,1,공공,지자체,,08372,946095.48185513,1943277.9161752,,2020.0,28100,꿈마을,111100,1,,,,N,서울특별시,구로구,구로,구로3동
1078,28102,온누리도서관,서울특별시 구로구 구로중앙로27나길 9,37.4969154,126.8858064,서울특별시,구로구,111128.0,111128.0,02-858-9080,02-858-9082,https://lib.guro.go.kr,09:00~22:00,매주 화요일 / 법정공휴일,1,공공,지자체,,08283,945708.87718552,1944361.2487502,,2020.0,28100,온누리,111128,1,,,,N,서울특별시,구로구,구로,구로2동
1079,28103,개봉어린이도서관,서울특별시 구로구 경인로 318-15,37.4966989,126.85590330000001,서울특별시,구로구,111214.0,111214.0,02-2066-1659,02-2066-1675,https://lib.guro.go.kr,"평일 10:00~19:00(동절기 10:00~18:00), 주말 10:00~17:00",매주 월요일 / 법정공휴일,1,공공,지자체,,08274,943065.42518095,1944354.8980783,,2020.0,28100,개봉어린이,111214,1,,,,N,서울특별시,구로구,구로,개봉1동
1080,28104,하늘도서관,서울특별시 구로구 구로동로13길 68,37.4874326,126.88091770000001,서울특별시,구로구,111215.0,111215.0,02-864-9585,02-864-9587,https://lib.guro.go.kr,"평일 09:00~22:00, 주말 09:00~17:00",매주 화요일 / 법정공휴일,1,공공,지자체,,08317,945269.82114416,1943312.0183353,,2020.0,28100,하늘,111215,1,,,,N,서울특별시,구로구,구로,구로2동
1081,28105,개봉도서관,서울특별시 구로구 개봉로16길 30-11,37.4897388,126.8583705,서울특별시,구로구,111216.0,111216.0,02-2689-1695,02-2689-1696,https://lib.guro.go.kr,"평일 09:00~22:00, 주말 09:00~17:00",매주 화요일 / 법정공휴일,1,공공,지자체,,08333,943278.25078806,1943581.2248364,,2020.0,28100,개봉,111216,1,,,,N,서울특별시,구로구,구로,개봉3동
1082,28106,글마루한옥어린이도서관,서울특별시 구로구 고척로27바길 7,37.5068616,126.84561409999998,서울특별시,구로구,111235.0,111235.0,02-2060-5169,02-2611-1543,https://lib.guro.go.kr,"평일 10:00~19:00(동절기 10:00~18:00), 주말 10:00~17:00",매주 화요일 / 법정공휴일,1,공공,지자체,,08243,942163.74661681,1945488.6681955,,2020.0,28100,글마루,111235,1,,,,N,서울특별시,구로구,구로,개봉1동
1084,28108,궁동어린이도서관,서울특별시 구로구 오리로 1352,37.4837252,126.84133329999999,서울특별시,구로구,111471.0,111471.0,02-2060-8229,02-2060-8230,https://lib.guro.go.kr,"평일 10:00~19:00(동절기 10:00~18:00), 주말 10:00~17:00",매주 화요일 / 법정공휴일,1,공공,지자체,,08249,941767.43212311,1942924.4522591,,2020.0,28100,궁동어린이,111471,1,,,,N,서울특별시,구로구,구로,오류2동
1085,28109,구로기적의도서관,서울특별시 구로구 구로중앙로40길 24,37.50710529999999,126.87750349999999,서울특별시,구로구,111489.0,111489.0,02-2632-8878,02-2632-8879,https://lib.guro.go.kr,"평일 - 어린이 자료실 10:00~19:00, 청소년가족자료실 10:00~20:00 / 주말 10:00~17:00","매주 월요일 / 법정공휴일, 기타 도서관 사정에 의한 임시 휴관일",1,공공,지자체,,08206,944982.41967140,1945496.5826998,,2020.0,28100,기적,111489,1,,,,N,서울특별시,구로구,구로,신도림동
1185,4424,서초구립양재도서관,서울특별시 서초구 양재천로 33,37.478649700000005,127.0368692,서울특별시,서초구,111493.0,111493.0,02-3486-4050,02-3486-4060,https://yangjae.seocholib.or.kr/docyan/,"월~목 : 09시 ~ 20시, 토~일 : 09시 ~ 18시","매월 금요일 / 법정공휴일, 도서관장이 필요하다고 인정한 경우",1,공공,지자체,,06755,959052.06478975,1942258.3704822,,2021.0,4400,양재,AE,1,,,,N,서울특별시,도봉구,서울,양재1동
1186,4425,서초청소년도서관,서울특별시 서초구 효령로77길 37,37.4921536,127.02798229999999,서울특별시,서초구,111503.0,111503.0,02-3486-9543,02-3486-9548,https://seocho.seocholib.or.kr,"평일 10:00~22:00, 주말 09:00~20:00",매주 화요일 / 법정공휴일,1,공공,지자체,,06629,958273.83177516,1943760.4401434,,2021.0,4400,청소년,AF,1,,,,N,서울특별시,도봉구,서울,서초2동
1187,113,장위행복누림도서관,서울특별시 성북구 장위로21다길 53,37.610937799999995,127.0262257,서울특별시,성북구,111492.0,111492.0,02-6954-7955,,https://www.sblib.seoul.kr/jwlib,09:00 ~ 18:00,매주 월요일 / 법정공휴일,1,공공,지자체,,02755,958184.96517045,1956939.6855599,,2021.0,100,장위행복누림,MM,1,,,,N,서울특별시,도봉구,서울,길음2동
1188,114,성북길빛도서관,서울특별시 성북구 숭인로8길 52,37.616037,127.04599270000001,서울특별시,성북구,111487.0,111487.0,02-6949-0031,,https://www.sblib.seoul.kr/gblib,09:00 ~ 18:00,매주 월요일 / 법정공휴일,1,공공,지자체,,02727,959932.33439229,1957496.7989563,,2021.0,100,길빛,MN,1,,,,N,서울특별시,도봉구,서울,장위1동
1189,115,글빛도서관,서울특별시 성북구 길음로7길 20,37.603688299999995,127.0226004,서울특별시,성북구,111500.0,111500.0,02-6956-0559,,https://www.sblib.seoul.kr/gbitlib,"평일 09:00~18:00, 주말 09:00~18:00",매주 월요일 / 법정공휴일,1,공공,지자체,,02721,957860.90675632,1956137.0059579,,2021.0,100,글빛,MO,1,,,,N,서울특별시,도봉구,서울,길음1동
1192,30101,문래도서관,서울특별시 영등포구 문래로20길 49,37.5167598,126.8911719,서울특별시,영등포구,111111.0,111111.0,02-2629-8600(8,02-2629-8601,https://www.ydplib.or.kr/mllib,"평일 09:00~21:00, 주말 09:00~17:00",매주 월요일 / 법정공휴일,1,공공,지자체,,07296,946197.40518051,1946559.7925075,,2021.0,30100,문래,CB,1,,,,N,서울특별시,영등포구,영등포,문래동
1193,30102,선유도서관,서울특별시 영등포구 선유로 43가길 10-8,37.5332751,126.8929164,서울특별시,영등포구,111121.0,111121.0,02-2163-0800,02-2163-0801,https://www.ydplib.or.kr/sylib,"평일 09:00~21:00, 주말 09:00~18:00",매주 월요일 / 법정공휴일,1,공공,지자체,,07210,946363.39523204,1948391.0818730,,2021.0,30100,선유,CC,1,,,,N,서울특별시,영등포구,영등포,양평2동
1194,30103,여의샛강마을도서관,서울특별시 영등포구 여의대로24,37.522317,126.92011529999999,서울특별시,영등포구,111444.0,111444.0,02-2629-2222,02-761-0830,https://www.ydplib.or.kr/yulib,평일 09:00~18:00 / 주말 09:00~17:00,매주 월요일 / 법정공휴일,1,공공,지자체,,07320,948758.97890867,1947160.1742294,,2021.0,30100,여의샛강마을,MA,1,,,,N,서울특별시,영등포구,영등포,여의동
